date,AQI,defining_parameter,temperature,humidity,wind_speed,precipitation
2019-01-01,176,PM2.5,11.4,76,16.4,0.1
2019-01-02,27,Ozone,11.1,89,20.8,43.7
2019-01-03,25,Ozone,9.6,88,25.5,13.2
2019-01-04,52,PM2.5,7.8,77,21.6,0.0
2019-01-05,66,PM2.5,11.2,79,12.5,0.0
2019-01-06,42,NO2,14.2,85,20.3,0.0
2019-01-07,46,PM2.5,18.6,84,21.6,0.1
2019-01-08,56,PM2.5,19.3,83,15.4,0.0
2019-01-09,53,PM2.5,14.0,55,21.8,0.0
2019-01-10,56,PM2.5,10.3,56,10.4,0.2
2019-01-11,53,PM2.5,12.4,76,23.1,0.8
2019-01-12,31,Ozone,15.1,76,24.0,10.3
2019-01-13,36,PM2.5,8.4,67,15.5,0.0
2019-01-14,55,PM2.5,7.5,71,14.3,0.0
2019-01-15,69,PM2.5,8.7,72,10.4,0.1
2019-01-16,61,PM2.5,12.6,88,18.3,2.4
2019-01-17,52,PM2.5,17.0,86,21.9,0.3
2019-01-18,52,PM2.5,16.6,94,26.2,1.7
2019-01-19,52,PM2.5,11.9,65,40.7,21.7
2019-01-20,48,PM2.5,4.6,60,23.8,0.0
2019-01-21,56,PM2.5,9.7,77,23.8,0.0
2019-01-22,56,PM2.5,18.9,73,37.2,4.2
2019-01-23,43,PM2.5,6.9,70,34.8,22.3
2019-01-24,59,PM2.5,6.0,63,10.8,0.0
2019-01-25,55,PM2.5,8.6,70,17.4,0.0
2019-01-26,52,PM2.5,11.6,80,13.1,0.2
2019-01-27,54,PM2.5,11.7,81,11.5,0.4
2019-01-28,52,PM2.5,14.0,77,22.6,1.6
2019-01-29,35,Ozone,6.6,51,38.2,4.9
2019-01-30,38,PM2.5,6.9,49,16.6,0.0
2019-01-31,52,PM2.5,12.4,83,29.1,12.6
2019-02-01,53,PM2.5,15.0,93,15.8,10.0
2019-02-02,66,PM2.5,15.2,92,17.5,6.7
2019-02-03,52,PM2.5,17.9,94,17.6,6.2
2019-02-04,56,PM2.5,20.7,90,14.6,1.1
2019-02-05,56,PM2.5,21.0,91,23.4,1.1
2019-02-06,61,PM2.5,22.1,88,27.6,0.8
2019-02-07,51,PM2.5,18.1,78,32.6,10.3
2019-02-08,30,PM2.5,5.4,48,26.3,0.0
2019-02-09,32,PM2.5,5.5,67,21.7,1.9
2019-02-10,63,PM2.5,13.3,81,29.2,0.9
2019-02-11,50,PM2.5,19.8,89,28.3,9.4
2019-02-12,33,Ozone,15.5,63,27.8,0.5
2019-02-13,42,PM2.5,10.4,68,20.9,0.0
2019-02-14,54,PM2.5,16.8,77,31.4,0.0
2019-02-15,58,PM2.5,19.5,86,22.1,0.0
2019-02-16,77,PM2.5,17.8,93,17.1,2.6
2019-02-17,53,PM2.5,16.9,86,23.0,3.7
2019-02-18,33,Ozone,11.5,55,25.7,0.0
2019-02-19,30,PM2.5,9.4,85,23.3,10.8
2019-02-20,41,NO2,11.2,76,20.5,2.0
2019-02-21,32,PM2.5,12.1,85,18.6,6.0
2019-02-22,51,PM2.5,17.1,92,24.5,16.2
2019-02-23,56,PM2.5,20.1,76,34.7,4.0
2019-02-24,42,Ozone,13.3,45,20.9,0.0
2019-02-25,38,NO2,11.9,64,20.4,5.3
2019-02-26,58,PM2.5,16.1,93,23.8,19.3
2019-02-27,70,PM2.5,19.5,93,11.4,7.1
2019-02-28,54,PM2.5,13.5,94,19.1,15.5
2019-03-01,62,PM2.5,12.2,89,11.8,1.3
2019-03-02,75,PM2.5,17.5,91,16.4,3.9
2019-03-03,34,PM2.5,14.1,85,27.2,9.3
2019-03-04,55,PM2.5,3.9,62,24.4,1.3
2019-03-05,44,PM2.5,2.9,51,22.0,0.0
2019-03-06,51,PM2.5,7.1,59,17.8,0.0
2019-03-07,51,PM2.5,16.6,85,22.9,4.1
2019-03-08,57,PM2.5,21.4,91,30.3,2.1
2019-03-09,60,PM2.5,22.0,91,31.4,6.1
2019-03-10,58,PM2.5,20.7,93,18.8,1.1
2019-03-11,62,PM2.5,21.9,89,17.1,0.8
2019-03-12,63,PM2.5,19.9,92,27.5,1.2
2019-03-13,63,PM2.5,22.0,90,34.0,8.9
2019-03-14,58,PM2.5,20.2,64,25.0,2.9
2019-03-15,43,Ozone,13.3,46,23.6,0.2
2019-03-16,44,Ozone,12.5,52,18.6,0.5
2019-03-17,54,PM2.5,13.0,59,14.6,0.0
2019-03-18,63,PM2.5,13.0,62,18.1,0.0
2019-03-19,70,PM2.5,13.8,66,19.6,0.2
2019-03-20,122,Ozone,15.9,67,14.9,0.0
2019-03-21,87,Ozone,16.3,64,12.3,0.0
2019-03-22,105,Ozone,16.6,70,17.6,0.0
2019-03-23,64,Ozone,17.8,79,25.6,0.0
2019-03-24,53,PM2.5,20.2,84,24.1,1.7
2019-03-25,56,PM2.5,21.5,82,16.2,3.0
2019-03-26,52,PM2.5,18.1,62,16.4,0.0
2019-03-27,122,Ozone,16.2,61,15.9,0.0
2019-03-28,61,Ozone,17.6,74,25.5,0.0
2019-03-29,47,Ozone,20.1,80,28.2,5.8
2019-03-30,39,Ozone,18.8,82,27.6,7.2
2019-03-31,37,Ozone,10.4,62,27.0,1.6
2019-04-01,46,PM2.5,9.4,67,16.1,0.7
2019-04-02,64,NO2,12.0,68,15.8,0.0
2019-04-03,71,Ozone,15.5,80,26.4,22.8
2019-04-04,62,PM2.5,21.3,89,19.8,64.1
2019-04-05,72,PM2.5,21.4,92,19.3,2.7
2019-04-06,71,PM2.5,21.1,93,26.7,32.6
2019-04-07,49,PM2.5,19.8,92,24.1,46.7
2019-04-08,48,PM2.5,19.9,80,29.3,3.0
2019-04-09,119,Ozone,22.4,71,14.3,0.0
2019-04-10,56,PM2.5,22.1,72,25.9,0.0
2019-04-11,58,PM2.5,21.8,81,26.6,1.6
2019-04-12,49,PM2.5,18.5,77,23.5,15.3
2019-04-13,56,PM2.5,21.8,78,36.9,11.2
2019-04-14,52,PM2.5,14.2,59,30.9,0.0
2019-04-15,84,Ozone,17.0,70,21.1,0.0
2019-04-16,54,Ozone,20.2,79,25.4,0.0
2019-04-17,53,PM2.5,22.2,89,32.4,3.7
2019-04-18,45,Ozone,20.6,77,34.9,13.5
2019-04-19,49,Ozone,17.0,53,33.4,0.0
2019-04-20,97,Ozone,16.5,62,15.6,0.0
2019-04-21,74,Ozone,19.4,72,25.7,0.0
2019-04-22,58,Ozone,21.0,79,25.5,0.0
2019-04-23,48,PM2.5,21.5,86,26.8,1.8
2019-04-24,55,PM2.5,21.8,89,34.5,10.0
2019-04-25,49,Ozone,21.6,76,20.2,8.9
2019-04-26,119,Ozone,21.9,71,15.2,0.0
2019-04-27,87,Ozone,22.5,72,21.4,0.0
2019-04-28,51,Ozone,22.1,76,22.8,0.0
2019-04-29,58,PM2.5,24.0,82,28.0,1.3
2019-04-30,64,PM2.5,25.0,83,38.1,2.1
2019-05-01,62,PM2.5,25.1,81,32.2,2.0
2019-05-02,53,PM2.5,23.8,87,30.2,42.5
2019-05-03,53,PM2.5,22.3,92,23.9,8.4
2019-05-04,54,Ozone,23.5,81,16.5,13.1
2019-05-05,87,Ozone,22.7,79,19.4,0.0
2019-05-06,80,Ozone,22.6,82,20.5,1.9
2019-05-07,49,Ozone,23.0,90,25.0,45.0
2019-05-08,59,PM2.5,24.0,90,27.0,26.6
2019-05-09,76,PM2.5,22.9,91,24.3,58.9
2019-05-10,55,PM2.5,21.4,91,17.7,51.1
2019-05-11,49,PM2.5,21.8,93,16.0,13.7
2019-05-12,42,Ozone,20.9,81,20.4,0.4
2019-05-13,133,Ozone,21.2,76,15.5,0.0
2019-05-14,97,Ozone,22.3,80,15.9,2.2
2019-05-15,119,Ozone,23.1,77,18.7,0.0
2019-05-16,71,Ozone,23.0,82,22.3,1.5
2019-05-17,56,PM2.5,23.9,87,26.9,1.3
2019-05-18,59,PM2.5,25.3,87,35.3,42.3
2019-05-19,70,PM2.5,25.5,87,21.9,11.8
2019-05-20,67,PM2.5,26.8,85,32.4,0.2
2019-05-21,70,PM2.5,26.9,81,38.3,3.1
2019-05-22,71,PM2.5,27.1,83,30.9,0.7
2019-05-23,62,PM2.5,26.7,83,30.3,2.7
2019-05-24,56,PM2.5,26.4,82,26.2,0.6
2019-05-25,46,PM2.5,26.3,82,23.3,0.4
2019-05-26,52,PM2.5,26.1,81,23.0,0.0
2019-05-27,55,PM2.5,26.4,76,21.4,0.1
2019-05-28,54,PM2.5,26.9,83,28.8,2.1
2019-05-29,57,PM2.5,27.0,79,31.6,0.9
2019-05-30,58,PM2.5,26.1,87,17.9,7.1
2019-05-31,64,Ozone,26.2,87,9.6,4.7
2019-06-01,136,Ozone,26.9,85,10.2,1.0
2019-06-02,54,PM2.5,27.6,81,14.7,0.0
2019-06-03,105,Ozone,27.3,82,15.2,0.4
2019-06-04,43,PM2.5,26.9,83,25.0,4.1
2019-06-05,30,PM2.5,24.6,92,32.6,36.7
2019-06-06,93,Ozone,26.7,81,20.5,0.2
2019-06-07,64,Ozone,27.9,76,21.5,0.2
2019-06-08,77,Ozone,27.7,74,17.8,0.0
2019-06-09,166,Ozone,28.4,81,11.3,0.0
2019-06-10,62,PM2.5,27.7,72,18.2,0.1
2019-06-11,143,Ozone,25.5,64,17.4,1.5
2019-06-12,164,Ozone,25.8,70,9.8,2.0
2019-06-13,133,Ozone,26.7,68,11.3,0.0
2019-06-14,101,Ozone,26.6,74,22.8,0.3
2019-06-15,58,PM2.5,27.8,78,25.2,2.2
2019-06-16,61,PM2.5,26.0,84,23.8,25.9
2019-06-17,136,Ozone,25.2,84,16.0,12.0
2019-06-18,77,Ozone,27.4,82,10.6,1.7
2019-06-19,56,PM2.5,29.2,78,24.5,0.1
2019-06-20,65,PM2.5,29.5,78,23.8,0.0
2019-06-21,71,PM2.5,29.2,81,28.6,1.4
2019-06-22,69,PM2.5,28.4,83,26.9,6.6
2019-06-23,67,PM2.5,27.8,85,25.6,19.9
2019-06-24,54,PM2.5,25.2,84,29.6,13.3
2019-06-25,57,PM2.5,25.4,85,18.9,8.4
2019-06-26,67,PM2.5,26.0,88,26.3,3.0
2019-06-27,67,PM2.5,26.2,88,12.7,4.6
2019-06-28,75,PM2.5,26.0,88,8.6,3.8
2019-06-29,66,PM2.5,25.3,88,9.8,6.7
2019-06-30,64,Ozone,24.7,85,10.5,11.3
2019-07-01,59,PM2.5,26.7,83,18.1,2.7
2019-07-02,47,PM2.5,25.6,89,18.6,16.8
2019-07-03,58,PM2.5,25.6,89,14.7,11.7
2019-07-04,60,PM2.5,27.8,85,23.9,1.9
2019-07-05,56,PM2.5,28.5,82,17.5,0.1
2019-07-06,71,Ozone,28.5,81,13.2,0.1
2019-07-07,59,PM2.5,28.3,82,17.1,0.0
2019-07-08,55,PM2.5,28.3,86,18.1,3.6
2019-07-09,58,PM2.5,29.0,80,15.5,0.8
2019-07-10,87,Ozone,29.0,79,13.0,4.3
2019-07-11,64,Ozone,29.2,79,15.2,0.7
2019-07-12,64,Ozone,30.3,62,20.9,0.0
2019-07-13,50,PM2.5,29.4,67,21.3,1.8
2019-07-14,42,PM2.5,28.7,73,22.8,0.7
2019-07-15,68,PM2.5,27.9,86,20.5,9.1
2019-07-16,52,PM2.5,28.3,84,21.6,1.7
2019-07-17,57,PM2.5,28.3,86,19.0,4.1
2019-07-18,53,PM2.5,28.6,81,19.9,1.5
2019-07-19,55,PM2.5,28.8,79,22.2,0.5
2019-07-20,51,PM2.5,28.6,81,18.9,1.5
2019-07-21,55,PM2.5,27.9,84,17.5,1.3
2019-07-22,60,PM2.5,26.9,87,12.0,10.0
2019-07-23,50,PM2.5,27.0,80,17.8,9.2
2019-07-24,67,Ozone,25.7,58,16.3,0.0
2019-07-25,122,Ozone,25.2,61,11.1,0.0
2019-07-26,119,Ozone,26.5,69,23.2,0.0
2019-07-27,80,Ozone,27.9,79,16.8,2.7
2019-07-28,59,PM2.5,26.7,86,18.0,12.7
2019-07-29,61,PM2.5,28.2,80,16.8,0.9
2019-07-30,58,PM2.5,27.8,84,16.1,7.9
2019-07-31,56,PM2.5,27.4,82,13.6,2.1
2019-08-01,108,Ozone,27.8,80,13.6,1.4
2019-08-02,100,Ozone,28.2,76,13.6,2.2
2019-08-03,80,Ozone,28.1,77,9.7,3.4
2019-08-04,46,Ozone,28.0,80,14.8,5.6
2019-08-05,67,Ozone,28.2,79,13.8,3.5
2019-08-06,52,PM2.5,28.3,81,16.0,3.0
2019-08-07,61,PM2.5,29.5,78,19.5,0.3
2019-08-08,58,PM2.5,30.4,76,17.7,1.6
2019-08-09,57,PM2.5,31.1,68,21.4,0.0
2019-08-10,55,PM2.5,30.5,72,20.8,0.0
2019-08-11,53,PM2.5,30.6,73,19.0,0.0
2019-08-12,51,PM2.5,31.1,70,20.2,0.6
2019-08-13,54,PM2.5,31.2,69,18.7,0.6
2019-08-14,64,Ozone,30.2,76,17.1,8.5
2019-08-15,202,Ozone,29.3,80,17.2,1.4
2019-08-16,93,Ozone,29.1,80,18.3,3.2
2019-08-17,49,PM2.5,29.5,77,22.2,1.4
2019-08-18,50,PM2.5,30.1,73,20.5,2.1
2019-08-19,66,PM2.5,29.1,81,16.5,3.2
2019-08-20,76,PM2.5,28.5,80,18.8,2.9
2019-08-21,77,PM2.5,28.4,81,14.0,2.1
2019-08-22,58,PM2.5,28.0,81,21.0,4.2
2019-08-23,35,PM2.5,26.9,86,19.0,13.2
2019-08-24,45,Ozone,27.5,85,14.8,4.1
2019-08-25,43,PM2.5,26.9,88,19.5,11.1
2019-08-26,62,PM2.5,28.6,82,18.4,1.2
2019-08-27,54,PM2.5,29.4,80,18.0,0.1
2019-08-28,54,PM2.5,28.0,85,10.8,1.8
2019-08-29,100,Ozone,27.4,88,10.6,10.0
2019-08-30,53,PM2.5,27.1,86,12.5,6.7
2019-08-31,119,Ozone,27.9,82,11.4,1.4
2019-09-01,59,PM2.5,29.0,71,17.5,0.2
2019-09-02,53,PM2.5,28.0,73,15.2,10.3
2019-09-03,53,PM2.5,28.9,68,19.7,1.2
2019-09-04,93,Ozone,30.0,68,23.7,0.9
2019-09-05,169,Ozone,29.8,66,16.9,0.0
2019-09-06,150,Ozone,29.8,63,18.4,0.0
2019-09-07,100,Ozone,29.6,68,19.2,0.0
2019-09-08,45,Ozone,29.3,71,21.6,0.0
2019-09-09,61,Ozone,28.4,75,27.3,0.5
2019-09-10,56,PM2.5,27.9,80,17.3,7.0
2019-09-11,46,PM2.5,27.6,82,19.2,4.3
2019-09-12,61,Ozone,27.5,81,17.9,5.5
2019-09-13,97,Ozone,28.1,75,16.4,2.7
2019-09-14,84,Ozone,29.0,64,23.7,0.0
2019-09-15,58,Ozone,29.0,66,18.6,0.7
2019-09-16,44,PM2.5,27.6,76,29.8,2.9
2019-09-17,36,Ozone,24.9,94,43.2,112.6
2019-09-18,32,NO2,24.6,93,40.8,95.7
2019-09-19,31,PM2.5,24.5,95,20.2,104.3
2019-09-20,48,PM2.5,26.6,88,21.2,12.7
2019-09-21,40,Ozone,26.9,83,20.3,0.5
2019-09-22,33,PM2.5,26.6,88,19.2,3.7
2019-09-23,39,Ozone,26.2,90,16.4,4.2
2019-09-24,84,Ozone,26.7,80,18.4,0.0
2019-09-25,49,Ozone,26.0,82,18.8,0.5
2019-09-26,108,Ozone,26.0,84,15.0,0.0
2019-09-27,53,PM2.5,26.0,89,19.5,6.4
2019-09-28,47,PM2.5,27.4,82,22.9,1.5
2019-09-29,46,PM2.5,27.6,83,21.1,2.9
2019-09-30,51,PM2.5,27.8,85,21.4,2.0
2019-10-01,53,PM2.5,27.4,83,22.3,0.7
2019-10-02,54,Ozone,26.6,87,19.5,0.3
2019-10-03,61,Ozone,27.0,81,15.6,0.5
2019-10-04,112,Ozone,26.8,81,12.4,0.1
2019-10-05,140,Ozone,26.4,84,9.9,0.7
2019-10-06,60,PM2.5,26.3,87,15.8,1.6
2019-10-07,48,PM2.5,24.9,86,22.0,1.5
2019-10-08,67,Ozone,22.5,75,17.2,0.1
2019-10-09,60,PM2.5,24.3,83,17.9,1.1
2019-10-10,48,PM2.5,27.0,76,24.0,0.5
2019-10-11,31,PM2.5,19.8,80,33.3,4.3
2019-10-12,51,PM2.5,15.3,48,23.3,0.0
2019-10-13,84,Ozone,20.0,66,12.9,0.9
2019-10-14,52,PM2.5,24.7,90,15.3,16.8
2019-10-15,54,PM2.5,26.6,88,16.9,6.4
2019-10-16,41,PM2.5,22.1,87,23.8,18.7
2019-10-17,44,PM2.5,16.7,68,15.9,0.0
2019-10-18,73,NO2,18.6,74,11.2,0.0
2019-10-19,54,PM2.5,23.4,87,13.5,1.7
2019-10-20,31,PM2.5,25.3,89,23.4,15.6
2019-10-21,44,Ozone,22.8,77,24.5,28.5
2019-10-22,41,Ozone,18.2,52,14.6,0.0
2019-10-23,44,Ozone,19.3,65,25.7,0.0
2019-10-24,46,PM2.5,21.5,83,29.0,1.0
2019-10-25,21,PM2.5,14.6,83,30.4,46.9
2019-10-26,42,PM2.5,13.5,69,23.4,0.0
2019-10-27,67,Ozone,17.0,77,15.7,0.0
2019-10-28,53,PM2.5,19.5,87,18.7,0.0
2019-10-29,53,PM2.5,21.5,92,21.8,11.2
2019-10-30,46,PM2.5,17.7,90,32.8,9.8
2019-10-31,31,Ozone,7.8,61,32.9,2.6
2019-11-01,52,PM2.5,8.3,69,11.2,0.0
2019-11-02,67,PM2.5,11.9,68,17.4,0.0
2019-11-03,69,PM2.5,12.0,73,14.4,0.0
2019-11-04,54,PM2.5,18.2,86,18.6,0.4
2019-11-05,53,PM2.5,21.5,89,16.8,1.0
2019-11-06,62,PM2.5,20.3,78,16.8,0.0
2019-11-07,64,PM2.5,18.5,91,23.9,10.5
2019-11-08,39,PM2.5,11.3,86,25.4,5.0
2019-11-09,58,PM2.5,10.5,67,10.8,0.0
2019-11-10,71,PM2.5,14.7,74,15.7,0.0
2019-11-11,46,PM2.5,17.6,82,39.2,2.9
2019-11-12,29,Ozone,4.2,60,32.4,2.5
2019-11-13,57,PM2.5,3.2,64,13.9,0.8
2019-11-14,57,PM2.5,7.3,86,20.0,6.1
2019-11-15,69,PM2.5,8.6,79,13.2,0.0
2019-11-16,82,PM2.5,9.2,73,9.3,0.0
2019-11-17,96,PM2.5,11.9,73,9.8,0.0
2019-11-18,92,PM2.5,15.0,75,8.2,0.0
2019-11-19,78,NO2,15.6,83,13.4,0.0
2019-11-20,59,PM2.5,20.2,85,26.7,2.3
2019-11-21,59,PM2.5,22.7,84,26.6,1.4
2019-11-22,44,PM2.5,20.2,89,24.8,15.4
2019-11-23,54,PM2.5,12.0,75,19.8,1.2
2019-11-24,61,PM2.5,11.9,73,13.9,0.0
2019-11-25,54,PM2.5,18.2,84,27.4,0.3
2019-11-26,74,PM2.5,23.7,88,33.8,0.9
2019-11-27,52,PM2.5,18.5,50,27.9,0.9
2019-11-28,55,PM2.5,19.0,70,24.8,0.8
2019-11-29,59,PM2.5,22.2,94,24.0,1.7
2019-11-30,51,PM2.5,23.6,89,34.1,2.2
2019-12-01,33,Ozone,14.8,48,26.6,0.7
2019-12-02,43,PM2.5,10.6,53,18.6,0.0
2019-12-03,69,PM2.5,12.5,68,12.2,0.0
2019-12-04,64,PM2.5,13.6,70,11.5,0.0
2019-12-05,72,PM2.5,16.6,79,19.1,0.0
2019-12-06,55,PM2.5,18.8,76,21.3,0.7
2019-12-07,74,PM2.5,15.6,70,16.0,0.0
2019-12-08,70,PM2.5,16.6,82,21.3,0.0
2019-12-09,54,PM2.5,22.4,83,27.9,0.7
2019-12-10,33,Ozone,12.6,90,29.6,31.2
2019-12-11,31,Ozone,8.8,70,21.5,0.0
2019-12-12,57,PM2.5,10.1,75,15.0,0.0
2019-12-13,63,PM2.5,16.1,78,20.8,1.2
2019-12-14,64,PM2.5,13.6,79,15.0,0.0
2019-12-15,54,PM2.5,21.9,85,32.2,0.1
2019-12-16,55,PM2.5,17.6,86,27.7,20.3
2019-12-17,33,Ozone,6.5,59,29.2,0.0
2019-12-18,55,PM2.5,6.5,56,11.7,0.0
2019-12-19,63,PM2.5,7.4,65,12.4,0.0
2019-12-20,63,PM2.5,9.7,75,17.2,2.1
2019-12-21,54,PM2.5,10.3,75,13.0,0.4
2019-12-22,59,PM2.5,10.2,73,18.4,0.0
2019-12-23,64,PM2.5,10.9,74,12.3,0.0
2019-12-24,83,PM2.5,12.3,79,10.4,0.0
2019-12-25,84,PM2.5,14.4,87,12.1,0.0
2019-12-26,53,PM2.5,16.6,88,13.2,0.1
2019-12-27,56,PM2.5,16.7,90,16.0,0.3
2019-12-28,36,PM2.5,20.1,92,31.6,5.0
2019-12-29,34,Ozone,17.0,74,27.7,16.1
2019-12-30,46,PM2.5,9.6,52,16.1,0.0
2019-12-31,126,PM2.5,8.8,57,12.4,0.0
2020-01-01,190,PM2.5,12.2,67,21.1,8.7
2020-01-02,55,PM2.5,16.8,94,21.3,19.6
2020-01-03,53,PM2.5,14.9,80,24.1,0.0
2020-01-04,66,PM2.5,11.9,59,22.9,0.0
2020-01-05,56,PM2.5,13.8,65,18.5,0.0
2020-01-06,45,PM2.5,16.3,76,16.6,0.0
2020-01-07,42,PM2.5,13.6,50,18.0,0.1
2020-01-08,59,PM2.5,12.2,74,28.1,0.0
2020-01-09,60,PM2.5,20.0,80,33.0,1.8
2020-01-10,67,PM2.5,21.6,88,36.5,1.7
2020-01-11,32,PM2.5,13.2,73,45.1,7.9
2020-01-12,52,PM2.5,8.7,82,11.2,0.0
2020-01-13,55,PM2.5,15.2,91,17.4,8.1
2020-01-14,52,PM2.5,21.4,93,20.3,29.6
2020-01-15,53,PM2.5,22.0,91,20.3,0.5
2020-01-16,58,PM2.5,20.5,94,23.0,2.1
2020-01-17,55,PM2.5,18.2,92,24.3,2.0
2020-01-18,40,PM2.5,19.1,90,20.5,11.1
2020-01-19,37,Ozone,10.5,44,25.8,0.0
2020-01-20,39,PM2.5,8.9,52,15.0,0.0
2020-01-21,58,PM2.5,8.6,63,16.9,0.0
2020-01-22,55,PM2.5,11.1,83,25.6,17.5
2020-01-23,41,PM2.5,14.8,86,24.2,3.4
2020-01-24,55,PM2.5,11.2,70,12.3,0.0
2020-01-25,56,PM2.5,12.3,78,22.7,2.2
2020-01-26,44,PM2.5,17.6,84,16.5,7.7
2020-01-27,57,PM2.5,12.8,90,15.0,0.0
2020-01-28,52,PM2.5,14.8,87,32.4,14.6
2020-01-29,20,PM2.5,10.6,67,25.4,0.0
2020-01-30,42,PM2.5,10.9,82,14.8,2.2
2020-01-31,53,PM2.5,11.0,82,16.1,0.0
2020-02-01,65,PM2.5,10.4,69,14.4,0.0
2020-02-02,46,Ozone,14.2,56,17.6,0.0
2020-02-03,41,PM2.5,18.1,81,33.0,2.0
2020-02-04,63,PM2.5,21.5,85,28.9,2.4
2020-02-05,47,PM2.5,10.6,84,26.2,9.9
2020-02-06,48,PM2.5,5.7,60,28.4,2.3
2020-02-07,60,PM2.5,11.1,58,24.0,0.0
2020-02-08,52,PM2.5,13.8,81,18.7,0.1
2020-02-09,55,PM2.5,18.9,89,33.2,18.7
2020-02-10,61,PM2.5,21.6,92,31.8,10.0
2020-02-11,29,PM2.5,13.1,93,18.9,10.9
2020-02-12,36,PM2.5,14.4,92,23.8,10.7
2020-02-13,31,Ozone,10.0,73,25.3,0.0
2020-02-14,46,PM2.5,8.3,73,17.4,0.0
2020-02-15,55,PM2.5,12.4,77,18.9,0.2
2020-02-16,54,PM2.5,17.1,89,16.1,0.3
2020-02-17,61,PM2.5,19.8,93,24.5,2.8
2020-02-18,61,PM2.5,21.6,91,19.5,1.7
2020-02-19,28,PM2.5,14.4,92,20.2,5.1
2020-02-20,31,Ozone,10.0,86,29.4,15.3
2020-02-21,36,PM2.5,7.7,59,24.3,0.0
2020-02-22,52,PM2.5,9.1,66,17.0,0.0
2020-02-23,48,PM2.5,15.3,81,22.9,1.4
2020-02-24,46,PM2.5,18.5,78,21.8,17.0
2020-02-25,46,Ozone,15.1,70,25.3,0.1
2020-02-26,37,Ozone,9.9,46,38.4,0.0
2020-02-27,46,PM2.5,6.8,58,14.8,0.0
2020-02-28,61,PM10,11.0,61,19.5,0.0
2020-02-29,60,PM2.5,13.8,71,23.6,0.0
2020-03-01,47,PM2.5,18.8,78,29.6,1.9
2020-03-02,56,PM2.5,20.7,88,24.5,1.3
2020-03-03,63,PM2.5,20.9,94,20.4,2.9
2020-03-04,46,PM2.5,20.0,92,25.9,8.9
2020-03-05,44,Ozone,15.0,69,24.4,0.1
2020-03-06,61,PM2.5,14.5,48,18.7,0.0
2020-03-07,60,PM2.5,11.7,64,17.4,0.0
2020-03-08,47,Ozone,15.8,77,27.5,0.0
2020-03-09,54,PM2.5,18.8,88,22.2,4.2
2020-03-10,57,NO2,20.8,89,13.9,10.2
2020-03-11,52,PM2.5,20.6,85,18.8,0.4
2020-03-12,50,PM2.5,22.0,81,23.7,0.6
2020-03-13,54,PM2.5,22.0,87,24.4,1.3
2020-03-14,54,PM2.5,22.6,85,22.0,0.3
2020-03-15,53,PM2.5,21.8,91,20.5,2.3
2020-03-16,58,PM2.5,20.0,91,24.7,4.3
2020-03-17,48,PM2.5,21.4,90,24.4,1.6
2020-03-18,53,PM2.5,23.0,84,25.6,0.2
2020-03-19,69,PM2.5,24.1,83,31.0,1.0
2020-03-20,47,PM2.5,20.9,91,23.0,19.3
2020-03-21,39,PM2.5,15.1,90,22.2,11.3
2020-03-22,59,PM2.5,20.0,90,23.1,4.2
2020-03-23,62,PM2.5,23.2,87,24.4,2.0
2020-03-24,66,PM2.5,24.3,83,29.7,0.8
2020-03-25,74,PM2.5,22.8,88,17.8,0.0
2020-03-26,64,PM2.5,23.8,84,23.9,0.0
2020-03-27,62,PM2.5,24.7,81,27.6,0.0
2020-03-28,61,PM2.5,22.9,81,25.8,1.1
2020-03-29,71,Ozone,19.1,67,18.0,0.3
2020-03-30,59,PM2.5,22.3,73,26.4,1.1
2020-03-31,47,PM2.5,21.3,75,27.0,0.9
2020-04-01,71,Ozone,16.9,70,21.3,0.0
2020-04-02,45,Ozone,20.4,74,28.9,1.0
2020-04-03,66,PM2.5,21.4,85,20.9,21.1
2020-04-04,37,PM2.5,16.8,95,21.0,15.5
2020-04-05,63,PM2.5,18.8,87,19.3,0.5
2020-04-06,73,PM2.5,20.5,92,19.5,6.6
2020-04-07,62,PM2.5,24.5,88,15.4,0.6
2020-04-08,77,PM2.5,25.3,86,16.9,0.8
2020-04-09,77,Ozone,24.6,88,23.1,15.2
2020-04-10,46,PM2.5,20.9,78,23.3,0.7
2020-04-11,49,PM2.5,20.7,78,28.0,2.0
2020-04-12,69,PM2.5,24.9,71,29.4,2.3
2020-04-13,39,Ozone,15.9,61,24.2,0.0
2020-04-14,43,Ozone,14.6,66,20.9,0.0
2020-04-15,47,Ozone,14.2,58,17.4,0.0
2020-04-16,67,Ozone,16.6,62,23.9,0.0
2020-04-17,56,PM2.5,21.5,83,18.0,16.8
2020-04-18,59,PM2.5,19.7,89,19.6,10.3
2020-04-19,72,PM2.5,22.8,92,14.4,17.4
2020-04-20,105,Ozone,21.7,84,13.0,0.0
2020-04-21,100,Ozone,21.9,86,20.2,0.6
2020-04-22,69,PM2.5,24.1,88,34.5,4.6
2020-04-23,74,Ozone,24.4,71,27.2,2.8
2020-04-24,77,Ozone,23.4,74,23.5,0.0
2020-04-25,53,PM2.5,21.7,68,22.4,0.2
2020-04-26,84,Ozone,21.1,57,12.4,0.0
2020-04-27,67,Ozone,21.9,72,27.9,0.0
2020-04-28,64,PM2.5,22.2,89,29.0,48.6
2020-04-29,54,Ozone,21.9,75,22.1,9.8
2020-04-30,93,Ozone,20.1,55,15.5,0.0
2020-05-01,84,Ozone,20.9,72,20.1,0.0
2020-05-02,49,Ozone,23.3,75,22.8,0.0
2020-05-03,48,Ozone,24.0,77,20.9,0.0
2020-05-04,60,PM2.5,25.0,79,24.3,0.1
2020-05-05,66,PM2.5,25.7,82,18.8,3.2
2020-05-06,74,Ozone,22.9,60,21.7,3.4
2020-05-07,80,Ozone,21.9,70,27.7,0.0
2020-05-08,58,PM2.5,24.4,78,27.5,13.2
2020-05-09,45,Ozone,19.1,64,20.7,0.0
2020-05-10,71,Ozone,19.9,64,12.1,0.0
2020-05-11,112,Ozone,21.0,67,19.1,0.0
2020-05-12,58,PM2.5,23.3,74,26.4,3.2
2020-05-13,49,PM2.5,24.5,79,24.5,16.6
2020-05-14,54,PM2.5,24.2,86,22.2,7.3
2020-05-15,59,PM2.5,24.2,89,21.1,8.2
2020-05-16,61,Ozone,23.4,81,24.7,58.7
2020-05-17,46,Ozone,22.5,74,21.8,1.5
2020-05-18,151,Ozone,24.6,72,14.2,0.0
2020-05-19,58,PM2.5,26.2,76,18.3,0.0
2020-05-20,68,PM2.5,26.5,82,18.8,0.5
2020-05-21,56,PM2.5,25.9,84,22.9,0.3
2020-05-22,61,PM2.5,26.1,83,26.9,4.0
2020-05-23,56,PM2.5,26.7,81,24.3,1.2
2020-05-24,44,Ozone,24.2,87,24.5,13.6
2020-05-25,64,Ozone,25.3,79,21.5,3.3
2020-05-26,74,Ozone,23.0,76,17.9,2.4
2020-05-27,74,Ozone,22.3,83,20.1,15.9
2020-05-28,47,PM2.5,22.6,85,20.8,26.3
2020-05-29,45,Ozone,24.7,79,17.5,0.8
2020-05-30,58,Ozone,24.9,70,14.2,0.3
2020-05-31,61,Ozone,24.2,88,16.6,16.0
2020-06-01,74,Ozone,24.3,88,16.4,7.5
2020-06-02,108,Ozone,25.8,81,17.3,0.0
2020-06-03,58,PM2.5,25.7,88,14.0,8.8
2020-06-04,52,PM2.5,26.0,87,13.0,2.7
2020-06-05,97,Ozone,26.5,85,14.4,0.9
2020-06-06,52,PM2.5,27.9,77,16.8,0.1
2020-06-07,44,PM2.5,28.6,67,18.1,0.2
2020-06-08,53,PM2.5,27.9,77,20.0,5.1
2020-06-09,64,PM2.5,29.3,76,20.7,0.2
2020-06-10,80,Ozone,27.4,60,15.2,4.6
2020-06-11,64,Ozone,25.5,48,14.0,0.0
2020-06-12,77,Ozone,25.8,51,16.3,0.0
2020-06-13,74,Ozone,26.2,52,17.7,0.0
2020-06-14,87,Ozone,26.2,63,16.0,0.1
2020-06-15,67,Ozone,27.4,77,19.5,0.2
2020-06-16,147,Ozone,27.2,72,15.8,0.0
2020-06-17,77,Ozone,27.1,68,18.7,0.0
2020-06-18,61,Ozone,27.1,70,23.4,0.2
2020-06-19,43,PM2.5,27.0,76,22.5,0.8
2020-06-20,52,PM2.5,26.4,83,17.0,14.9
2020-06-21,32,PM2.5,26.0,86,26.6,4.2
2020-06-22,44,PM2.5,25.3,85,26.4,36.7
2020-06-23,55,PM2.5,25.4,85,27.9,12.6
2020-06-24,43,Ozone,24.7,88,17.7,69.9
2020-06-25,69,PM2.5,25.4,90,21.2,22.4
2020-06-26,137,PM2.5,26.9,90,22.4,1.3
2020-06-27,86,PM2.5,27.2,87,20.7,2.0
2020-06-28,62,PM2.5,27.6,84,24.0,1.4
2020-06-29,72,PM2.5,28.2,82,26.3,1.4
2020-06-30,82,PM2.5,28.6,82,24.9,0.6
2020-07-01,85,PM2.5,28.9,81,23.0,0.4
2020-07-02,100,PM2.5,29.4,78,15.9,0.1
2020-07-03,76,PM2.5,28.5,78,23.7,0.0
2020-07-04,80,PM2.5,28.6,76,17.3,0.0
2020-07-05,59,PM2.5,29.2,73,18.0,0.0
2020-07-06,58,PM2.5,28.8,79,19.8,0.8
2020-07-07,75,PM2.5,29.0,78,18.1,0.5
2020-07-08,86,PM2.5,29.8,74,22.5,0.2
2020-07-09,79,PM2.5,29.9,74,23.4,0.1
2020-07-10,59,PM2.5,30.1,75,19.3,0.0
2020-07-11,56,PM2.5,30.6,69,21.8,0.2
2020-07-12,61,PM2.5,30.3,71,18.2,0.3
2020-07-13,60,PM2.5,30.8,68,22.3,0.0
2020-07-14,78,PM2.5,30.1,70,24.7,0.0
2020-07-15,72,PM2.5,30.5,68,22.7,0.0
2020-07-16,76,PM2.5,29.7,73,21.1,0.2
2020-07-17,61,PM2.5,26.6,89,18.3,19.9
2020-07-18,54,PM2.5,27.1,84,19.8,3.4
2020-07-19,50,Ozone,27.3,85,18.0,2.7
2020-07-20,35,PM2.5,26.0,89,20.9,20.2
2020-07-21,38,Ozone,25.2,91,17.4,55.9
2020-07-22,33,PM2.5,26.1,90,15.8,27.7
2020-07-23,38,Ozone,28.0,85,15.7,1.9
2020-07-24,34,PM2.5,27.2,85,30.3,9.9
2020-07-25,32,PM2.5,25.9,93,28.4,29.2
2020-07-26,29,Ozone,25.8,91,22.0,29.0
2020-07-27,42,Ozone,26.1,89,13.1,10.8
2020-07-28,34,PM2.5,26.4,87,15.7,12.7
2020-07-29,51,PM2.5,27.0,87,22.4,5.3
2020-07-30,66,PM2.5,28.4,82,20.0,1.0
2020-07-31,58,PM2.5,27.8,87,18.7,6.6
2020-08-01,49,Ozone,26.2,88,14.6,17.6
2020-08-02,90,Ozone,26.7,83,7.7,0.7
2020-08-03,112,Ozone,28.1,77,18.7,0.3
2020-08-04,119,Ozone,27.8,78,14.5,10.3
2020-08-05,64,Ozone,28.6,75,14.5,0.1
2020-08-06,64,Ozone,27.8,82,14.6,2.8
2020-08-07,87,Ozone,28.1,81,17.7,0.3
2020-08-08,52,PM2.5,27.8,85,18.3,2.5
2020-08-09,67,PM2.5,28.0,81,17.0,2.6
2020-08-10,58,PM2.5,29.1,77,18.4,0.1
2020-08-11,55,PM2.5,28.4,81,17.8,2.8
2020-08-12,57,PM2.5,29.6,77,19.2,0.3
2020-08-13,63,PM2.5,30.2,70,17.3,0.0
2020-08-14,55,PM2.5,30.3,71,20.6,0.0
2020-08-15,52,PM2.5,30.8,68,21.3,0.0
2020-08-16,58,Ozone,30.7,68,15.0,0.0
2020-08-17,108,Ozone,29.7,68,18.1,0.1
2020-08-18,147,Ozone,29.2,63,14.6,0.0
2020-08-19,84,Ozone,29.4,57,13.3,0.0
2020-08-20,108,Ozone,28.3,56,21.1,0.0
2020-08-21,112,Ozone,27.3,72,14.2,2.9
2020-08-22,74,Ozone,27.7,74,12.9,0.5
2020-08-23,87,Ozone,28.4,70,13.4,0.0
2020-08-24,58,PM2.5,28.9,72,16.2,0.3
2020-08-25,52,PM2.5,29.5,65,18.1,0.1
2020-08-26,29,PM2.5,28.3,80,27.0,6.1
2020-08-27,40,Ozone,29.9,66,27.6,0.0
2020-08-28,58,PM2.5,29.6,78,21.0,2.4
2020-08-29,46,PM2.5,29.3,80,18.4,2.1
2020-08-30,52,PM2.5,28.6,84,20.4,4.5
2020-08-31,63,PM2.5,29.9,78,22.0,2.0
2020-09-01,84,PM2.5,31.0,73,29.6,1.0
2020-09-02,87,PM2.5,31.5,65,27.4,0.0
2020-09-03,60,PM2.5,28.8,79,17.7,4.5
2020-09-04,52,PM2.5,26.9,85,16.5,9.7
2020-09-05,55,PM2.5,27.0,84,15.6,2.1
2020-09-06,90,Ozone,27.0,85,14.7,3.9
2020-09-07,67,PM2.5,27.2,84,14.0,3.1
2020-09-08,55,PM2.5,26.0,88,16.0,12.1
2020-09-09,57,PM2.5,27.6,83,19.2,3.2
2020-09-10,49,PM2.5,26.6,88,18.4,5.6
2020-09-11,55,PM2.5,25.5,83,16.8,1.7
2020-09-12,53,PM2.5,27.3,79,14.3,0.8
2020-09-13,36,PM2.5,26.9,85,18.0,23.2
2020-09-14,46,PM2.5,27.4,80,19.5,1.9
2020-09-15,54,PM2.5,28.4,69,18.9,1.0
2020-09-16,54,PM2.5,28.0,71,13.7,6.5
2020-09-17,48,PM2.5,26.9,80,16.7,5.8
2020-09-18,57,PM2.5,26.3,65,19.9,0.0
2020-09-19,68,PM2.5,25.3,60,24.2,0.0
2020-09-20,57,PM2.5,22.0,73,33.5,16.2
2020-09-21,34,PM2.5,22.3,89,33.9,25.6
2020-09-22,27,Ozone,23.8,94,26.6,83.4
2020-09-23,22,Ozone,23.5,85,28.4,8.9
2020-09-24,22,PM2.5,22.0,80,15.1,0.1
2020-09-25,77,Ozone,22.8,79,14.0,0.0
2020-09-26,58,Ozone,24.2,81,16.7,0.0
2020-09-27,47,PM2.5,26.5,80,18.4,0.0
2020-09-28,40,PM2.5,23.6,73,27.7,7.9
2020-09-29,43,PM2.5,19.9,49,20.9,0.0
2020-09-30,63,NO2,20.3,57,10.5,0.0
2020-10-01,87,Ozone,21.5,59,14.0,0.0
2020-10-02,56,PM2.5,20.8,55,14.8,0.0
2020-10-03,119,Ozone,20.3,62,16.1,0.0
2020-10-04,108,Ozone,21.8,73,9.9,0.0
2020-10-05,136,Ozone,22.5,69,12.4,0.0
2020-10-06,80,Ozone,22.4,68,13.5,0.0
2020-10-07,61,PM2.5,23.1,63,12.0,0.4
2020-10-08,63,PM2.5,24.3,85,18.6,7.0
2020-10-09,57,PM2.5,23.3,92,38.8,54.4
2020-10-10,57,PM2.5,24.9,81,16.3,0.0
2020-10-11,52,PM2.5,26.1,82,18.1,0.0
2020-10-12,64,PM2.5,26.5,80,20.8,0.6
2020-10-13,140,Ozone,24.4,66,14.5,0.0
2020-10-14,87,Ozone,24.0,75,18.1,0.0
2020-10-15,55,PM2.5,25.7,80,21.0,0.7
2020-10-16,35,PM2.5,17.7,81,30.7,15.0
2020-10-17,54,PM2.5,21.4,71,22.6,0.5
2020-10-18,57,PM2.5,25.2,78,21.3,0.2
2020-10-19,61,PM2.5,24.9,88,17.4,3.8
2020-10-20,51,PM2.5,24.6,87,21.3,0.4
2020-10-21,53,PM2.5,24.2,87,19.1,1.5
2020-10-22,52,PM2.5,23.9,89,18.8,6.9
2020-10-23,45,PM2.5,23.1,85,25.6,0.8
2020-10-24,46,PM2.5,17.3,65,20.9,0.0
2020-10-25,56,PM2.5,20.4,82,21.7,0.6
2020-10-26,52,PM2.5,22.8,88,25.2,2.4
2020-10-27,63,PM2.5,20.5,85,18.6,4.2
2020-10-28,29,PM2.5,13.4,89,28.1,10.4
2020-10-29,35,PM2.5,11.9,61,25.5,0.0
2020-10-30,52,PM2.5,13.4,65,23.4,0.0
2020-10-31,74,Ozone,14.6,74,12.6,0.0
2020-11-01,74,PM2.5,17.3,69,21.5,0.0
2020-11-02,55,PM2.5,14.9,54,14.3,0.0
2020-11-03,71,NO2,14.5,58,10.5,0.0
2020-11-04,64,PM2.5,17.5,74,15.9,0.0
2020-11-05,55,PM2.5,19.9,82,13.6,0.0
2020-11-06,65,PM2.5,18.5,78,10.7,0.0
2020-11-07,62,PM2.5,19.7,78,13.7,0.0
2020-11-08,52,PM2.5,21.1,86,15.3,0.4
2020-11-09,40,PM2.5,23.6,86,19.6,0.3
2020-11-10,52,PM2.5,24.0,86,15.5,1.6
2020-11-11,74,PM2.5,22.9,77,15.5,0.7
2020-11-12,61,PM2.5,21.3,62,11.6,0.0
2020-11-13,67,PM2.5,21.6,88,17.5,0.5
2020-11-14,49,PM2.5,23.8,85,26.3,1.8
2020-11-15,39,Ozone,20.6,57,31.9,5.5
2020-11-16,52,PM2.5,14.6,47,16.8,0.0
2020-11-17,60,PM2.5,14.7,54,16.2,0.0
2020-11-18,69,PM2.5,15.3,58,15.1,0.0
2020-11-19,49,PM2.5,19.1,81,18.7,0.1
2020-11-20,54,PM2.5,21.3,87,21.7,1.8
2020-11-21,44,PM2.5,20.7,82,19.1,0.1
2020-11-22,52,PM2.5,20.6,74,13.8,0.0
2020-11-23,61,PM2.5,17.8,78,16.9,0.0
2020-11-24,52,PM2.5,21.8,80,32.4,1.7
2020-11-25,44,PM2.5,19.5,69,20.5,2.8
2020-11-26,58,PM2.5,18.0,79,16.5,1.3
2020-11-27,41,PM2.5,21.6,95,15.1,62.4
2020-11-28,28,Ozone,18.1,96,19.6,47.6
2020-11-29,28,Ozone,14.8,78,27.7,3.8
2020-11-30,36,NO2,8.5,53,26.2,0.0
2020-12-01,55,PM2.5,8.8,68,18.4,0.0
2020-12-02,33,NO2,17.0,84,27.8,53.0
2020-12-03,31,PM2.5,9.9,61,30.3,0.4
2020-12-04,55,PM2.5,8.9,71,15.3,0.0
2020-12-05,78,PM2.5,8.7,76,15.5,0.1
2020-12-06,55,PM2.5,11.4,72,19.5,0.0
2020-12-07,53,PM2.5,10.7,65,15.0,0.0
2020-12-08,82,PM2.5,11.4,73,11.5,0.0
2020-12-09,60,PM2.5,13.6,73,11.4,0.0
2020-12-10,56,PM2.5,16.2,78,17.9,0.0
2020-12-11,43,PM2.5,19.2,85,24.5,15.5
2020-12-12,56,PM2.5,17.0,89,17.5,0.5
2020-12-13,49,PM2.5,15.6,88,37.5,26.0
2020-12-14,28,PM2.5,7.1,70,29.2,0.0
2020-12-15,49,PM2.5,9.3,87,18.0,7.0
2020-12-16,38,PM2.5,7.2,79,20.1,0.0
2020-12-17,61,PM2.5,5.4,79,8.8,0.0
2020-12-18,60,PM2.5,11.6,83,26.7,0.2
2020-12-19,43,PM2.5,16.1,93,22.7,71.7
2020-12-20,58,PM2.5,13.3,81,12.1,0.0
2020-12-21,78,PM2.5,11.7,84,9.4,0.0
2020-12-22,58,PM2.5,14.3,79,19.8,0.0
2020-12-23,40,PM2.5,18.3,86,40.9,8.2
2020-12-24,47,PM2.5,7.5,38,34.5,0.0
2020-12-25,62,PM2.5,8.8,47,15.8,0.0
2020-12-26,63,PM2.5,11.7,73,15.9,0.0
2020-12-27,37,Ozone,16.2,78,25.1,0.1
2020-12-28,37,PM2.5,17.4,85,20.1,0.2
2020-12-29,40,Ozone,18.0,80,31.3,0.0
2020-12-30,52,PM2.5,19.8,89,29.2,22.6
2020-12-31,35,PM2.5,16.2,90,31.9,30.0
2021-01-01,30,Ozone,7.4,64,27.9,0.0
2021-01-02,60,PM2.5,7.1,68,18.9,0.0
2021-01-03,72,PM2.5,11.0,69,18.7,0.0
2021-01-04,58,PM2.5,14.8,84,15.1,0.0
2021-01-05,60,PM2.5,13.3,75,17.0,0.0
2021-01-06,44,NO2,16.0,84,37.3,22.3
2021-01-07,27,Ozone,10.9,60,25.1,0.0
2021-01-08,39,PM2.5,8.3,70,16.6,0.0
2021-01-09,56,PM2.5,6.4,77,11.0,0.0
2021-01-10,46,PM2.5,4.7,86,28.8,22.3
2021-01-11,56,PM2.5,3.8,77,23.0,0.6
2021-01-12,64,PM2.5,4.4,75,8.4,0.0
2021-01-13,54,PM2.5,7.7,72,14.5,0.0
2021-01-14,55,PM2.5,11.5,69,24.9,0.0
2021-01-15,40,PM2.5,9.5,38,31.7,0.0
2021-01-16,106,PM10,7.8,43,14.2,0.0
2021-01-17,130,PM2.5,9.6,60,15.3,0.0
2021-01-18,75,PM2.5,12.4,76,24.1,0.7
2021-01-19,51,PM2.5,18.2,81,20.9,0.8
2021-01-20,75,PM2.5,15.3,94,15.2,0.7
2021-01-21,53,PM2.5,18.9,96,15.3,10.3
2021-01-22,46,PM2.5,18.5,94,11.7,4.6
2021-01-23,36,PM2.5,16.9,92,18.4,2.9
2021-01-24,48,PM2.5,19.7,92,30.7,6.5
2021-01-25,56,PM2.5,21.5,76,30.9,4.5
2021-01-26,53,PM2.5,18.6,52,13.7,0.0
2021-01-27,44,PM2.5,15.0,50,29.2,0.1
2021-01-28,55,PM2.5,8.7,67,17.2,0.0
2021-01-29,58,PM2.5,10.3,82,19.9,0.0
2021-01-30,51,PM2.5,18.5,86,31.6,2.3
2021-01-31,53,PM2.5,15.1,65,28.1,0.3
2021-02-01,48,PM2.5,10.1,57,18.5,0.0
2021-02-02,56,PM2.5,9.9,67,13.7,0.0
2021-02-03,54,PM2.5,13.6,80,21.8,0.0
2021-02-04,47,PM2.5,19.5,77,34.1,1.0
2021-02-05,36,PM2.5,10.7,71,23.0,12.3
2021-02-06,57,PM2.5,13.2,86,23.7,2.6
2021-02-07,39,PM2.5,9.8,79,17.9,0.0
2021-02-08,52,PM2.5,15.5,84,22.1,0.0
2021-02-09,70,PM2.5,17.3,95,12.4,4.5
2021-02-10,66,PM2.5,16.7,94,17.9,13.1
2021-02-11,30,PM2.5,7.7,91,24.7,28.5
2021-02-12,61,PM2.5,3.9,81,24.3,1.1
2021-02-13,71,PM2.5,3.5,70,22.3,0.8
2021-02-14,54,PM2.5,1.9,79,26.4,8.0
2021-02-15,52,PM2.5,-6.3,67,33.4,11.2
2021-02-16,59,PM2.5,-5.1,53,19.5,0.0
2021-02-17,52,PM2.5,1.4,84,25.8,18.2
2021-02-18,53,PM2.5,0.3,80,28.7,0.0
2021-02-19,67,PM2.5,1.4,68,20.1,0.0
2021-02-20,70,PM2.5,5.5,78,19.1,0.0
2021-02-21,52,PM2.5,14.5,79,26.6,0.1
2021-02-22,55,PM2.5,15.0,68,17.7,0.3
2021-02-23,59,PM2.5,14.0,73,18.8,0.0
2021-02-24,52,PM2.5,19.1,88,23.8,1.1
2021-02-25,41,PM2.5,19.4,96,22.5,5.5
2021-02-26,56,PM2.5,20.8,90,24.5,4.5
2021-02-27,56,PM2.5,21.0,92,26.0,1.1
2021-02-28,58,PM2.5,22.0,93,24.1,2.8
2021-03-01,31,PM2.5,17.1,92,34.0,24.8
2021-03-02,39,Ozone,12.0,75,23.4,3.2
2021-03-03,64,Ozone,10.9,67,11.1,0.0
2021-03-04,58,PM2.5,12.5,73,17.8,0.0
2021-03-05,57,PM2.5,15.6,90,16.2,4.4
2021-03-06,43,PM2.5,14.0,74,20.5,0.5
2021-03-07,54,PM2.5,11.6,55,16.2,0.0
2021-03-08,65,PM2.5,13.3,78,23.6,0.0
2021-03-09,57,PM2.5,17.6,81,27.3,0.4
2021-03-10,56,PM2.5,19.5,87,32.7,3.8
2021-03-11,57,PM2.5,21.0,85,27.9,0.7
2021-03-12,95,PM2.5,21.0,90,26.9,0.9
2021-03-13,54,PM2.5,20.4,87,28.2,0.7
2021-03-14,42,PM2.5,19.8,88,33.9,8.2
2021-03-15,62,PM2.5,19.4,93,17.0,11.3
2021-03-16,56,PM2.5,21.7,93,22.5,5.9
2021-03-17,63,PM2.5,21.1,70,33.9,13.5
2021-03-18,40,Ozone,12.8,53,28.8,0.0
2021-03-19,48,Ozone,12.2,64,19.9,0.0
2021-03-20,52,PM2.5,11.7,69,15.8,0.0
2021-03-21,64,Ozone,12.7,79,17.8,0.0
2021-03-22,52,PM2.5,17.9,79,31.2,2.2
2021-03-23,75,PM10,20.5,74,22.9,22.6
2021-03-24,57,PM2.5,18.4,93,29.1,5.7
2021-03-25,58,PM2.5,19.9,77,27.1,1.0
2021-03-26,74,Ozone,18.3,75,18.9,0.0
2021-03-27,65,PM2.5,23.2,89,29.5,1.5
2021-03-28,58,PM2.5,18.4,73,32.0,7.7
2021-03-29,54,PM2.5,14.6,66,16.3,0.1
2021-03-30,54,PM2.5,21.3,90,29.2,4.4
2021-03-31,59,PM2.5,20.4,83,27.9,26.2
2021-04-01,57,PM2.5,14.8,41,24.5,0.0
2021-04-02,57,PM2.5,12.6,53,20.2,0.0
2021-04-03,49,Ozone,13.8,76,19.0,3.6
2021-04-04,61,Ozone,16.7,80,18.7,1.0
2021-04-05,54,PM2.5,19.0,83,22.4,0.7
2021-04-06,59,PM2.5,21.5,82,30.1,0.8
2021-04-07,62,PM2.5,23.0,82,31.3,6.9
2021-04-08,61,PM2.5,22.5,79,19.2,0.8
2021-04-09,70,PM2.5,23.7,84,30.1,0.6
2021-04-10,68,PM2.5,21.9,69,30.3,0.1
2021-04-11,159,Ozone,19.6,55,16.5,0.0
2021-04-12,74,Ozone,21.5,75,24.7,0.0
2021-04-13,65,PM2.5,23.1,90,23.8,13.2
2021-04-14,52,PM2.5,22.1,90,21.9,25.8
2021-04-15,43,PM2.5,19.8,89,23.4,3.4
2021-04-16,51,PM2.5,19.7,91,20.4,37.4
2021-04-17,37,PM2.5,16.0,78,28.3,3.0
2021-04-18,41,PM2.5,14.3,67,19.9,0.0
2021-04-19,57,PM2.5,15.6,65,13.8,0.1
2021-04-20,115,Ozone,18.3,67,22.7,0.0
2021-04-21,45,Ozone,14.0,54,22.8,0.0
2021-04-22,65,PM2.5,15.8,68,26.0,2.3
2021-04-23,59,PM2.5,21.5,91,37.1,23.1
2021-04-24,58,PM2.5,24.2,74,22.3,0.0
2021-04-25,61,Ozone,20.0,75,17.7,0.0
2021-04-26,57,PM2.5,21.1,81,23.9,0.0
2021-04-27,56,PM2.5,23.7,87,27.5,0.3
2021-04-28,69,PM2.5,25.4,83,35.7,0.4
2021-04-29,67,PM2.5,24.2,87,24.7,5.6
2021-04-30,52,PM2.5,22.1,95,21.5,84.1
2021-05-01,54,PM2.5,21.4,92,33.9,52.6
2021-05-02,46,PM2.5,23.4,83,25.9,7.9
2021-05-03,83,PM2.5,25.8,84,25.9,0.7
2021-05-04,74,PM2.5,24.8,86,20.2,7.8
2021-05-05,51,Ozone,21.0,72,18.7,0.0
2021-05-06,67,Ozone,21.4,73,14.1,0.0
2021-05-07,87,Ozone,21.5,71,17.1,0.0
2021-05-08,49,Ozone,22.8,85,33.0,1.5
2021-05-09,55,PM2.5,25.3,85,32.8,6.5
2021-05-10,59,PM2.5,25.9,84,18.5,7.9
2021-05-11,55,PM2.5,24.7,89,27.8,11.2
2021-05-12,33,PM2.5,20.3,84,20.6,25.0
2021-05-13,52,PM2.5,21.2,71,19.6,0.0
2021-05-14,84,Ozone,21.6,69,16.7,0.1
2021-05-15,55,PM2.5,22.4,77,24.9,0.7
2021-05-16,45,PM2.5,23.2,85,28.0,11.2
2021-05-17,53,PM2.5,22.4,92,25.7,29.4
2021-05-18,59,PM2.5,23.2,89,30.9,35.7
2021-05-19,56,PM2.5,22.1,90,33.8,19.4
2021-05-20,54,Ozone,22.6,90,14.2,12.8
2021-05-21,55,PM2.5,23.9,91,31.3,5.9
2021-05-22,55,PM2.5,23.3,92,31.0,26.9
2021-05-23,54,PM2.5,22.7,91,20.0,31.7
2021-05-24,53,PM2.5,23.2,91,21.4,38.6
2021-05-25,52,PM2.5,23.8,90,22.4,14.8
2021-05-26,57,PM2.5,25.4,85,17.8,1.9
2021-05-27,57,PM2.5,25.8,85,20.4,0.4
2021-05-28,56,PM2.5,24.7,90,18.3,20.0
2021-05-29,161,Ozone,24.9,84,24.6,2.7
2021-05-30,59,PM2.5,23.4,86,20.5,1.7
2021-05-31,59,PM2.5,24.5,86,20.9,3.6
2021-06-01,53,PM2.5,24.5,87,17.4,3.5
2021-06-02,84,Ozone,24.0,89,8.8,13.7
2021-06-03,53,PM2.5,23.4,92,15.3,40.1
2021-06-04,52,PM2.5,22.8,92,15.6,81.8
2021-06-05,47,PM2.5,23.6,88,15.6,5.5
2021-06-06,44,PM2.5,24.8,86,15.5,10.0
2021-06-07,61,PM2.5,27.5,85,33.0,2.6
2021-06-08,56,PM2.5,27.2,87,35.5,22.1
2021-06-09,59,PM2.5,27.9,84,21.6,4.9
2021-06-10,53,PM2.5,27.6,86,20.4,3.4
2021-06-11,48,PM2.5,27.7,79,17.2,0.0
2021-06-12,67,Ozone,27.7,84,18.3,4.9
2021-06-13,54,Ozone,28.0,82,10.5,2.4
2021-06-14,77,Ozone,28.7,79,12.3,0.8
2021-06-15,129,Ozone,28.1,82,12.2,2.0
2021-06-16,150,Ozone,27.6,79,16.0,0.4
2021-06-17,154,Ozone,28.1,73,17.1,0.5
2021-06-18,151,Ozone,27.7,66,14.8,0.1
2021-06-19,159,Ozone,28.2,73,19.9,0.0
2021-06-20,44,PM2.5,27.1,87,23.9,6.5
2021-06-21,60,PM2.5,26.7,85,20.0,15.1
2021-06-22,90,Ozone,26.3,88,9.5,13.9
2021-06-23,57,PM2.5,27.6,85,18.3,2.5
2021-06-24,61,PM2.5,27.5,84,19.4,3.4
2021-06-25,63,PM2.5,28.2,84,19.8,3.7
2021-06-26,54,PM2.5,27.7,81,21.1,4.0
2021-06-27,34,Ozone,26.2,86,19.7,10.8
2021-06-28,43,PM2.5,24.4,93,21.3,105.7
2021-06-29,51,PM2.5,25.7,88,18.7,9.7
2021-06-30,46,PM2.5,26.1,87,13.5,4.1
2021-07-01,97,Ozone,26.5,87,13.4,2.7
2021-07-02,90,Ozone,27.2,85,17.1,15.9
2021-07-03,54,PM2.5,25.8,90,11.3,48.9
2021-07-04,87,PM2.5,25.7,90,9.4,30.7
2021-07-05,88,PM2.5,25.7,90,13.0,25.4
2021-07-06,48,PM2.5,25.0,92,17.3,58.4
2021-07-07,53,PM2.5,25.3,88,18.4,7.7
2021-07-08,43,PM2.5,25.0,93,22.8,75.9
2021-07-09,56,PM2.5,25.4,92,19.1,56.1
2021-07-10,63,PM2.5,26.8,87,23.3,2.2
2021-07-11,80,PM2.5,27.6,84,21.9,1.0
2021-07-12,76,PM2.5,27.1,86,17.5,3.0
2021-07-13,64,PM2.5,25.7,89,13.5,5.5
2021-07-14,59,PM2.5,25.4,90,19.4,7.3
2021-07-15,61,PM2.5,26.2,87,17.4,4.4
2021-07-16,63,PM2.5,26.7,86,14.4,6.3
2021-07-17,57,PM2.5,28.1,81,16.9,0.6
2021-07-18,45,PM2.5,27.2,87,15.2,3.2
2021-07-19,53,PM2.5,26.7,88,12.5,31.8
2021-07-20,58,PM2.5,26.5,86,10.6,39.1
2021-07-21,87,Ozone,26.2,85,8.7,7.4
2021-07-22,56,PM2.5,26.4,88,16.9,7.7
2021-07-23,63,PM2.5,28.2,82,17.7,0.7
2021-07-24,79,PM2.5,28.6,81,14.9,0.0
2021-07-25,67,Ozone,28.1,81,15.7,0.0
2021-07-26,179,Ozone,28.5,78,13.8,0.0
2021-07-27,97,Ozone,27.6,84,12.8,17.4
2021-07-28,136,Ozone,27.4,84,7.1,0.8
2021-07-29,87,Ozone,28.3,84,15.6,1.3
2021-07-30,67,Ozone,27.8,85,14.2,4.2
2021-07-31,53,PM2.5,27.9,87,14.0,2.3
2021-08-01,62,PM2.5,28.3,85,17.3,1.7
2021-08-02,55,PM2.5,27.8,84,15.2,5.4
2021-08-03,62,PM2.5,26.5,88,13.5,13.3
2021-08-04,72,PM2.5,26.6,87,11.9,4.3
2021-08-05,93,Ozone,26.2,86,12.9,2.0
2021-08-06,100,Ozone,26.0,83,18.1,13.2
2021-08-07,58,PM2.5,27.7,81,17.3,0.0
2021-08-08,52,PM2.5,28.3,82,22.0,2.1
2021-08-09,55,PM2.5,28.6,81,20.5,1.7
2021-08-10,54,PM2.5,28.3,83,18.1,4.6
2021-08-11,58,PM2.5,27.3,87,16.7,3.0
2021-08-12,60,PM2.5,27.1,86,15.8,1.2
2021-08-13,67,PM2.5,26.6,89,11.4,4.3
2021-08-14,54,PM2.5,26.8,85,11.8,4.3
2021-08-15,52,PM2.5,26.2,89,10.0,6.0
2021-08-16,80,Ozone,26.3,90,11.2,20.2
2021-08-17,54,PM2.5,27.4,87,13.9,4.8
2021-08-18,59,PM2.5,27.6,85,17.1,9.4
2021-08-19,63,PM2.5,28.1,85,14.2,5.0
2021-08-20,70,PM2.5,28.7,78,18.4,0.0
2021-08-21,66,PM2.5,28.6,78,18.4,0.0
2021-08-22,65,PM2.5,27.6,83,14.0,0.3
2021-08-23,97,Ozone,27.9,80,13.7,0.0
2021-08-24,87,Ozone,28.1,82,13.3,0.1
2021-08-25,126,Ozone,27.5,88,9.2,14.4
2021-08-26,61,Ozone,26.8,88,19.7,10.0
2021-08-27,60,PM2.5,26.0,91,15.9,12.2
2021-08-28,54,PM2.5,26.7,88,14.3,3.4
2021-08-29,54,PM2.5,27.4,86,10.5,4.6
2021-08-30,55,PM2.5,28.5,76,13.4,0.1
2021-08-31,67,PM2.5,28.3,82,13.6,5.9
2021-09-01,69,PM2.5,26.8,87,14.3,9.5
2021-09-02,69,PM2.5,27.2,87,13.7,3.5
2021-09-03,63,PM2.5,27.3,86,12.6,9.2
2021-09-04,82,PM2.5,27.9,82,17.0,0.1
2021-09-05,86,PM2.5,28.8,76,15.9,0.0
2021-09-06,67,Ozone,27.4,81,15.4,2.8
2021-09-07,112,Ozone,26.2,75,10.2,0.0
2021-09-08,143,Ozone,26.3,71,10.9,0.0
2021-09-09,105,Ozone,27.0,67,11.2,0.1
2021-09-10,97,Ozone,26.5,56,16.3,0.0
2021-09-11,112,Ozone,25.2,64,15.5,0.0
2021-09-12,84,Ozone,26.2,73,19.5,2.1
2021-09-13,59,PM2.5,24.3,92,41.7,57.9
2021-09-14,32,PM2.5,23.9,89,47.1,70.1
2021-09-15,29,PM2.5,24.8,79,23.0,0.6
2021-09-16,44,PM2.5,24.7,84,14.1,0.8
2021-09-17,62,PM2.5,25.8,85,9.4,0.4
2021-09-18,65,PM2.5,26.0,86,15.2,1.5
2021-09-19,101,Ozone,25.7,88,13.7,5.0
2021-09-20,55,PM2.5,27.1,87,17.6,1.6
2021-09-21,66,PM2.5,27.7,85,16.6,7.2
2021-09-22,53,PM2.5,23.4,57,21.4,0.0
2021-09-23,108,Ozone,20.1,62,10.1,0.0
2021-09-24,108,Ozone,21.0,65,13.9,0.0
2021-09-25,119,Ozone,21.9,67,9.7,0.0
2021-09-26,115,Ozone,22.4,74,14.3,0.0
2021-09-27,87,Ozone,24.8,84,17.2,1.5
2021-09-28,73,PM2.5,24.0,91,18.4,28.1
2021-09-29,65,PM2.5,24.8,88,20.1,16.7
2021-09-30,80,PM2.5,24.6,90,17.4,10.6
2021-10-01,57,PM2.5,23.4,95,22.1,53.6
2021-10-02,62,PM2.5,23.4,94,9.6,57.1
2021-10-03,63,PM2.5,24.6,90,11.8,2.5
2021-10-04,76,PM2.5,24.1,73,17.9,0.0
2021-10-05,85,PM2.5,23.0,68,10.1,0.0
2021-10-06,108,Ozone,22.9,73,8.2,0.0
2021-10-07,166,Ozone,23.1,75,9.9,0.0
2021-10-08,147,Ozone,23.2,79,11.6,0.0
2021-10-09,69,PM2.5,23.5,82,16.8,0.0
2021-10-10,44,PM2.5,25.7,85,29.9,2.5
2021-10-11,97,Ozone,25.3,74,25.4,3.3
2021-10-12,58,PM2.5,26.3,87,25.2,2.4
2021-10-13,59,PM2.5,26.8,77,24.4,0.6
2021-10-14,49,PM2.5,24.9,92,23.2,38.4
2021-10-15,61,PM2.5,25.5,86,24.1,2.9
2021-10-16,47,PM2.5,18.8,53,28.1,0.0
2021-10-17,63,PM2.5,17.0,55,12.7,0.0
2021-10-18,77,PM2.5,17.0,71,12.1,0.0
2021-10-19,66,PM10,20.2,78,16.5,0.1
2021-10-20,66,PM10,23.9,84,13.4,0.1
2021-10-21,59,PM2.5,24.4,84,12.2,1.8
2021-10-22,74,Ozone,23.4,86,14.5,0.8
2021-10-23,50,PM10,22.8,91,20.5,15.0
2021-10-24,42,Ozone,23.8,88,17.9,1.0
2021-10-25,54,PM2.5,26.0,87,11.0,0.5
2021-10-26,54,PM2.5,24.9,90,21.7,1.8
2021-10-27,55,PM2.5,22.7,70,27.9,33.3
2021-10-28,68,PM2.5,19.1,36,42.1,0.0
2021-10-29,61,PM2.5,16.6,36,34.4,0.0
2021-10-30,77,PM2.5,15.5,47,14.2,0.0
2021-10-31,93,PM2.5,17.2,66,11.2,0.0
2021-11-01,72,PM2.5,18.1,79,13.6,0.0
2021-11-02,69,PM2.5,19.2,86,13.7,0.0
2021-11-03,59,PM2.5,18.0,90,18.9,20.5
2021-11-04,32,PM2.5,12.9,79,20.9,0.7
2021-11-05,58,PM2.5,12.5,65,13.3,0.0
2021-11-06,69,PM2.5,12.5,76,9.4,0.0
2021-11-07,69,PM2.5,13.8,82,11.6,0.0
2021-11-08,78,PM2.5,15.9,83,15.1,0.0
2021-11-09,73,PM10,17.9,84,15.1,0.0
2021-11-10,71,PM10,21.1,84,25.9,4.8
2021-11-11,51,PM2.5,20.8,80,17.5,6.9
2021-11-12,58,PM2.5,16.6,74,16.6,0.0
2021-11-13,64,PM2.5,13.2,56,15.3,0.0
2021-11-14,68,PM2.5,16.0,73,13.5,0.0
2021-11-15,54,PM2.5,19.7,81,17.0,0.3
2021-11-16,56,PM2.5,21.3,79,22.5,0.0
2021-11-17,53,PM2.5,22.4,77,24.6,0.0
2021-11-18,45,PM2.5,18.1,74,24.7,1.2
2021-11-19,62,PM10,12.9,54,15.5,0.0
2021-11-20,65,PM2.5,17.0,76,16.9,0.0
2021-11-21,53,PM2.5,20.4,90,15.6,6.0
2021-11-22,71,PM2.5,16.2,67,19.8,0.0
2021-11-23,75,PM2.5,13.4,74,18.1,0.0
2021-11-24,57,PM2.5,20.0,75,29.3,0.8
2021-11-25,38,PM2.5,17.9,84,23.4,32.4
2021-11-26,43,PM2.5,11.3,54,18.8,0.0
2021-11-27,65,PM2.5,10.5,77,11.7,4.8
2021-11-28,54,PM2.5,13.0,89,17.8,3.3
2021-11-29,76,NO2,12.6,82,10.9,0.0
2021-11-30,73,PM2.5,14.7,83,13.2,0.0
2021-12-01,71,PM2.5,17.2,83,11.3,0.0
2021-12-02,67,PM10,17.8,89,11.4,0.1
2021-12-03,46,PM2.5,20.2,90,16.9,0.2
2021-12-04,48,PM2.5,20.5,92,14.9,4.7
2021-12-05,33,Ozone,21.1,89,20.5,0.4
2021-12-06,44,PM2.5,20.0,87,27.4,40.1
2021-12-07,56,PM2.5,14.9,73,15.3,2.8
2021-12-08,75,PM2.5,17.6,91,14.5,1.0
2021-12-09,59,PM2.5,22.5,89,26.3,2.9
2021-12-10,60,PM2.5,24.8,87,39.4,3.6
2021-12-11,39,PM2.5,16.8,61,34.4,5.4
2021-12-12,52,PM2.5,10.2,61,15.7,0.0
2021-12-13,71,PM2.5,15.9,85,15.5,3.3
2021-12-14,54,PM2.5,22.1,91,21.4,0.9
2021-12-15,54,PM2.5,22.6,87,28.1,0.5
2021-12-16,54,PM2.5,22.8,88,21.3,2.7
2021-12-17,52,PM2.5,22.3,88,25.8,0.9
2021-12-18,38,PM2.5,18.7,93,23.8,43.7
2021-12-19,44,PM2.5,11.8,61,23.5,0.5
2021-12-20,43,PM2.5,10.5,73,14.2,2.2
2021-12-21,61,PM2.5,9.3,76,10.1,0.0
2021-12-22,69,PM2.5,13.3,78,16.5,0.0
2021-12-23,43,NO2,17.8,79,22.5,0.0
2021-12-24,38,PM10,20.9,77,29.1,0.0
2021-12-25,58,PM2.5,21.9,80,25.8,0.1
2021-12-26,52,PM2.5,22.1,84,25.5,0.0
2021-12-27,48,PM2.5,23.2,79,24.3,0.3
2021-12-28,55,PM2.5,23.2,80,25.6,1.5
2021-12-29,70,PM2.5,23.7,86,23.6,2.1
2021-12-30,90,PM2.5,21.5,92,16.4,0.4
2021-12-31,65,PM2.5,23.6,88,27.4,0.9
2022-01-01,64,PM2.5,24.4,82,34.7,1.6
2022-01-02,38,PM2.5,5.7,56,35.8,0.7
2022-01-03,51,PM2.5,4.6,52,15.4,0.0
2022-01-04,65,PM2.5,10.3,64,18.9,0.0
2022-01-05,77,PM10,16.6,83,21.3,0.0
2022-01-06,57,PM2.5,15.8,74,23.2,0.0
2022-01-07,58,PM2.5,8.3,72,17.5,0.0
2022-01-08,60,PM2.5,17.8,89,33.3,47.4
2022-01-09,57,PM2.5,18.4,85,33.7,37.0
2022-01-10,34,Ozone,11.5,51,27.4,0.0
2022-01-11,34,Ozone,9.0,49,16.4,0.1
2022-01-12,61,PM2.5,10.8,69,9.7,0.0
2022-01-13,76,PM2.5,12.1,75,11.5,0.0
2022-01-14,83,PM2.5,13.9,73,15.9,0.0
2022-01-15,67,PM2.5,10.1,57,39.3,0.6
2022-01-16,61,PM2.5,5.4,57,28.3,0.0
2022-01-17,83,PM2.5,8.9,65,14.5,0.0
2022-01-18,60,PM2.5,14.6,75,27.8,0.0
2022-01-19,63,PM2.5,17.6,89,16.6,35.8
2022-01-20,53,PM2.5,7.4,67,32.6,3.3
2022-01-21,47,PM2.5,4.8,51,21.0,0.6
2022-01-22,55,PM2.5,4.7,53,14.9,0.0
2022-01-23,68,PM2.5,8.0,50,10.5,0.0
2022-01-24,57,PM2.5,10.4,79,18.5,18.0
2022-01-25,50,PM2.5,11.1,85,17.8,0.1
2022-01-26,56,PM2.5,8.0,73,18.1,0.0
2022-01-27,55,PM2.5,9.6,60,14.4,0.0
2022-01-28,56,PM2.5,10.0,45,20.0,0.0
2022-01-29,70,PM2.5,8.0,57,15.5,0.0
2022-01-30,64,PM2.5,11.6,65,14.3,0.0
2022-01-31,55,PM2.5,15.3,84,24.6,30.0
2022-02-01,58,PM2.5,16.1,87,26.1,12.6
2022-02-02,64,PM2.5,16.6,93,21.5,4.5
2022-02-03,27,Ozone,5.2,86,34.0,20.9
2022-02-04,51,PM2.5,-0.1,64,26.1,0.0
2022-02-05,63,PM2.5,2.4,61,16.2,0.0
2022-02-06,77,PM2.5,5.8,71,12.9,0.0
2022-02-07,62,PM2.5,9.8,64,17.9,0.0
2022-02-08,70,PM2.5,8.6,53,15.5,0.0
2022-02-09,70,PM2.5,10.5,66,14.2,0.0
2022-02-10,66,PM2.5,11.8,68,11.9,0.0
2022-02-11,64,PM2.5,13.2,74,16.7,0.0
2022-02-12,55,PM2.5,10.7,83,37.4,7.7
2022-02-13,60,PM2.5,6.8,42,19.4,0.0
2022-02-14,60,PM2.5,9.9,62,16.4,0.0
2022-02-15,68,PM2.5,14.0,79,25.3,0.0
2022-02-16,62,PM2.5,19.3,84,37.6,2.6
2022-02-17,60,PM2.5,19.4,73,32.4,8.5
2022-02-18,39,NO2,7.0,58,29.9,0.0
2022-02-19,55,PM2.5,9.7,62,12.0,0.0
2022-02-20,58,PM2.5,13.3,78,18.4,0.8
2022-02-21,58,PM2.5,20.9,89,35.6,0.9
2022-02-22,68,PM2.5,22.5,85,29.5,2.3
2022-02-23,58,PM2.5,10.9,90,22.5,4.7
2022-02-24,58,PM2.5,7.4,88,21.8,1.1
2022-02-25,36,PM2.5,5.1,82,25.6,4.0
2022-02-26,38,PM2.5,6.0,90,19.5,4.5
2022-02-27,38,Ozone,8.2,75,22.5,0.6
2022-02-28,66,PM2.5,9.0,58,12.7,0.0
2022-03-01,85,PM2.5,10.6,65,12.6,0.0
2022-03-02,90,Ozone,12.5,67,14.7,0.0
2022-03-03,68,PM2.5,16.1,80,18.8,0.0
2022-03-04,75,PM2.5,18.2,85,25.3,2.1
2022-03-05,58,PM2.5,20.9,86,32.9,1.4
2022-03-06,62,PM2.5,22.3,88,35.3,0.6
2022-03-07,39,PM2.5,15.5,73,30.4,2.6
2022-03-08,24,PM2.5,8.7,82,20.1,23.6
2022-03-09,49,PM2.5,9.2,76,21.3,0.2
2022-03-10,53,NO2,11.9,77,15.1,0.0
2022-03-11,54,PM2.5,13.0,78,36.6,2.7
2022-03-12,52,NO2,6.4,50,36.4,0.0
2022-03-13,55,PM2.5,9.4,64,22.6,0.0
2022-03-14,54,PM2.5,17.8,81,30.5,7.9
2022-03-15,47,Ozone,16.9,68,23.3,4.2
2022-03-16,84,Ozone,15.8,75,20.0,0.0
2022-03-17,54,PM2.5,18.1,85,32.9,2.3
2022-03-18,71,PM2.5,17.6,64,29.6,0.0
2022-03-19,51,PM2.5,14.6,58,10.9,0.0
2022-03-20,57,PM2.5,14.5,68,29.2,0.0
2022-03-21,59,PM2.5,20.8,88,45.2,8.9
2022-03-22,46,PM2.5,18.5,71,35.6,38.8
2022-03-23,46,Ozone,13.3,47,21.3,0.0
2022-03-24,76,PM10,13.9,47,26.3,0.0
2022-03-25,93,PM10,15.8,56,11.9,0.0
2022-03-26,74,Ozone,18.8,72,19.5,0.0
2022-03-27,50,Ozone,20.5,74,23.7,0.0
2022-03-28,53,PM2.5,21.5,73,25.6,0.0
2022-03-29,62,PM2.5,22.6,81,36.7,1.6
2022-03-30,58,PM2.5,22.1,67,35.6,29.7
2022-03-31,53,PM2.5,16.4,53,17.7,0.0
2022-04-01,77,Ozone,17.6,55,22.2,0.0
2022-04-02,71,Ozone,20.9,75,13.5,0.3
2022-04-03,71,Ozone,20.0,75,25.3,0.0
2022-04-04,60,PM2.5,21.5,87,28.3,4.8
2022-04-05,81,PM2.5,24.1,83,19.6,0.3
2022-04-06,65,PM2.5,23.3,66,30.3,0.3
2022-04-07,54,PM10,18.1,28,29.3,0.0
2022-04-08,71,PM10,17.0,25,29.1,0.0
2022-04-09,64,Ozone,18.6,47,26.7,0.0
2022-04-10,55,PM2.5,21.9,69,42.2,1.4
2022-04-11,63,PM2.5,23.3,80,38.8,9.7
2022-04-12,68,PM2.5,23.6,81,31.4,1.6
2022-04-13,67,PM2.5,23.8,87,32.6,9.1
2022-04-14,90,Ozone,20.5,57,22.3,0.0
2022-04-15,57,PM2.5,22.6,86,26.3,7.4
2022-04-16,62,PM2.5,25.2,83,25.4,2.7
2022-04-17,60,PM2.5,24.6,84,16.8,0.6
2022-04-18,57,PM2.5,21.7,70,20.8,0.8
2022-04-19,63,PM10,19.2,64,31.6,0.0
2022-04-20,62,PM2.5,23.7,76,38.8,1.4
2022-04-21,61,PM2.5,24.5,78,29.1,2.5
2022-04-22,63,PM2.5,23.9,77,29.5,0.9
2022-04-23,61,PM2.5,24.0,72,31.6,1.0
2022-04-24,58,PM2.5,24.7,77,29.3,1.0
2022-04-25,52,PM2.5,22.3,87,25.0,34.0
2022-04-26,39,PM2.5,20.8,77,21.9,0.9
2022-04-27,147,Ozone,20.5,62,15.5,0.0
2022-04-28,54,PM2.5,22.5,77,22.3,0.4
2022-04-29,52,PM2.5,24.1,74,27.0,0.2
2022-04-30,56,PM2.5,24.3,83,19.0,3.1
2022-05-01,58,PM2.5,24.5,84,19.2,1.8
2022-05-02,60,PM2.5,25.6,77,33.2,0.5
2022-05-03,59,PM2.5,25.5,80,23.8,4.6
2022-05-04,64,PM2.5,26.2,79,33.2,2.0
2022-05-05,61,PM2.5,25.9,80,34.6,9.3
2022-05-06,164,Ozone,25.1,78,20.4,0.0
2022-05-07,72,PM2.5,27.7,76,19.5,0.0
2022-05-08,70,PM2.5,28.0,74,26.4,0.0
2022-05-09,64,PM2.5,28.3,74,28.7,0.0
2022-05-10,60,PM2.5,27.8,72,26.7,0.0
2022-05-11,101,Ozone,26.7,76,22.9,0.0
2022-05-12,97,Ozone,25.5,73,21.3,0.0
2022-05-13,58,PM2.5,26.4,70,22.0,0.0
2022-05-14,52,PM2.5,26.5,69,20.2,2.4
2022-05-15,52,PM2.5,27.1,68,20.5,0.2
2022-05-16,105,Ozone,28.0,66,20.5,0.0
2022-05-17,58,Ozone,27.5,71,23.7,0.0
2022-05-18,60,PM2.5,28.1,67,25.6,0.0
2022-05-19,62,PM2.5,27.9,69,30.4,0.0
2022-05-20,79,PM2.5,28.7,70,34.7,0.0
2022-05-21,72,PM2.5,28.2,76,27.9,16.5
2022-05-22,49,Ozone,24.7,76,22.8,1.6
2022-05-23,64,Ozone,23.6,77,16.1,0.3
2022-05-24,55,PM2.5,23.5,87,23.9,26.3
2022-05-25,80,Ozone,23.2,76,26.6,19.0
2022-05-26,122,Ozone,24.6,63,16.2,0.0
2022-05-27,90,Ozone,26.6,70,15.9,0.0
2022-05-28,77,Ozone,26.1,72,23.4,0.1
2022-05-29,61,PM2.5,27.2,74,27.1,0.0
2022-05-30,58,PM2.5,27.4,74,30.3,2.2
2022-05-31,59,PM2.5,27.6,78,26.0,1.4
2022-06-01,54,PM2.5,27.3,77,19.9,1.6
2022-06-02,52,PM2.5,26.9,76,18.5,0.8
2022-06-03,53,PM2.5,26.9,66,17.1,0.0
2022-06-04,122,Ozone,25.8,76,13.1,6.1
2022-06-05,61,Ozone,27.5,75,22.9,1.3
2022-06-06,52,PM2.5,28.7,68,26.8,0.1
2022-06-07,53,PM2.5,29.0,68,24.0,0.0
2022-06-08,59,PM2.5,29.8,69,22.5,0.7
2022-06-09,64,PM2.5,29.6,71,20.6,0.7
2022-06-10,61,PM2.5,29.9,70,23.1,0.5
2022-06-11,61,PM2.5,30.5,67,22.0,0.0
2022-06-12,95,PM2.5,30.4,67,23.9,0.0
2022-06-13,101,PM2.5,30.3,67,24.5,0.0
2022-06-14,93,PM2.5,29.5,71,25.8,1.8
2022-06-15,82,PM2.5,30.0,69,22.0,0.5
2022-06-16,129,Ozone,30.0,69,15.6,0.0
2022-06-17,84,PM2.5,29.3,72,15.3,0.9
2022-06-18,67,Ozone,29.5,70,16.1,0.8
2022-06-19,84,Ozone,30.9,59,15.3,0.0
2022-06-20,179,Ozone,30.8,64,24.1,0.0
2022-06-21,108,Ozone,29.2,73,22.8,2.2
2022-06-22,67,Ozone,29.6,71,12.2,0.4
2022-06-23,80,Ozone,30.9,58,20.2,0.0
2022-06-24,57,PM2.5,30.4,62,19.4,0.0
2022-06-25,90,Ozone,30.3,63,19.6,0.0
2022-06-26,126,Ozone,30.4,62,24.5,0.1
2022-06-27,74,Ozone,28.5,67,23.0,10.9
2022-06-28,71,Ozone,27.8,72,14.2,1.1
2022-06-29,97,Ozone,27.3,80,18.3,7.3
2022-06-30,45,PM2.5,25.6,86,19.7,8.8
2022-07-01,55,PM2.5,26.2,83,14.7,9.9
2022-07-02,46,PM2.5,27.6,80,16.4,3.8
2022-07-03,42,PM2.5,29.2,74,21.0,0.2
2022-07-04,54,PM2.5,29.1,78,20.4,2.1
2022-07-05,59,PM2.5,29.6,73,20.5,0.0
2022-07-06,52,PM2.5,28.9,77,19.5,1.9
2022-07-07,55,PM2.5,29.4,75,18.4,1.2
2022-07-08,56,PM2.5,30.5,70,18.4,0.5
2022-07-09,53,PM2.5,31.9,62,19.4,0.0
2022-07-10,54,Ozone,31.3,64,19.4,2.5
2022-07-11,55,PM2.5,31.9,63,21.0,1.3
2022-07-12,61,Ozone,30.5,71,23.0,1.2
2022-07-13,84,Ozone,30.7,69,19.3,2.3
2022-07-14,80,Ozone,26.8,82,15.0,10.5
2022-07-15,53,PM2.5,27.4,79,19.0,2.7
2022-07-16,81,PM2.5,28.0,76,16.0,8.2
2022-07-17,97,PM2.5,30.0,68,20.5,0.5
2022-07-18,71,PM2.5,30.7,65,23.9,0.0
2022-07-19,55,PM2.5,31.2,64,22.5,0.0
2022-07-20,60,PM2.5,31.3,65,22.5,0.6
2022-07-21,74,PM2.5,30.8,68,18.2,0.1
2022-07-22,70,PM2.5,29.6,74,13.3,5.3
2022-07-23,51,PM2.5,28.2,79,16.4,2.1
2022-07-24,43,PM2.5,28.9,77,18.7,0.7
2022-07-25,52,PM2.5,29.7,71,19.8,0.1
2022-07-26,48,PM2.5,29.7,73,20.8,1.0
2022-07-27,51,PM2.5,28.9,74,21.4,2.7
2022-07-28,46,PM2.5,28.6,76,22.7,3.7
2022-07-29,51,PM2.5,27.9,80,21.7,2.1
2022-07-30,63,PM2.5,27.5,82,16.9,13.9
2022-07-31,57,PM2.5,29.4,70,22.3,0.1
2022-08-01,46,PM2.5,28.6,75,18.0,2.7
2022-08-02,53,PM2.5,29.1,75,22.7,5.4
2022-08-03,58,PM2.5,30.8,67,22.1,0.5
2022-08-04,65,PM2.5,30.9,66,18.8,0.2
2022-08-05,68,PM2.5,28.0,79,15.5,6.2
2022-08-06,52,PM2.5,26.6,84,19.4,7.6
2022-08-07,51,PM2.5,28.2,79,21.6,2.0
2022-08-08,64,Ozone,28.1,80,21.4,3.6
2022-08-09,52,PM2.5,28.5,77,19.7,0.3
2022-08-10,108,Ozone,28.7,78,19.4,31.4
2022-08-11,97,Ozone,28.0,81,15.3,32.7
2022-08-12,54,PM2.5,26.7,84,14.2,38.1
2022-08-13,43,PM2.5,27.1,85,25.5,4.2
2022-08-14,52,PM2.5,28.1,78,20.8,2.3
2022-08-15,57,PM2.5,29.4,71,17.8,0.0
2022-08-16,59,PM2.5,29.3,71,14.0,1.5
2022-08-17,55,PM2.5,30.0,71,21.7,0.0
2022-08-18,52,PM2.5,28.8,77,17.6,40.6
2022-08-19,56,PM2.5,26.3,83,14.4,15.3
2022-08-20,45,PM2.5,26.3,87,17.1,11.4
2022-08-21,51,PM2.5,27.3,85,20.3,6.4
2022-08-22,52,PM2.5,27.7,84,18.9,7.9
2022-08-23,46,PM2.5,26.3,87,16.9,23.9
2022-08-24,49,PM2.5,26.4,87,16.4,21.5
2022-08-25,84,Ozone,26.5,85,16.9,4.2
2022-08-26,54,Ozone,26.7,83,16.4,5.1
2022-08-27,36,Ozone,26.7,86,13.0,4.1
2022-08-28,38,Ozone,27.8,80,20.6,0.6
2022-08-29,39,PM2.5,26.4,86,20.9,8.0
2022-08-30,51,PM2.5,26.2,89,18.9,30.2
2022-08-31,62,PM10,26.1,89,13.7,7.1
2022-09-01,80,Ozone,25.7,89,14.8,25.2
2022-09-02,78,PM10,25.7,90,16.5,8.8
2022-09-03,60,PM2.5,24.9,92,11.8,24.0
2022-09-04,53,PM2.5,25.0,89,11.4,0.4
2022-09-05,45,PM2.5,25.3,85,12.2,0.0
2022-09-06,49,PM2.5,25.8,83,13.3,0.0
2022-09-07,63,PM10,26.0,83,14.9,1.1
2022-09-08,68,PM10,25.8,78,12.9,0.2
2022-09-09,97,Ozone,25.0,79,13.0,1.4
2022-09-10,93,Ozone,25.7,75,9.4,0.1
2022-09-11,74,Ozone,27.0,71,12.5,0.1
2022-09-12,93,Ozone,26.8,64,12.8,0.0
2022-09-13,159,Ozone,26.0,66,11.9,0.0
2022-09-14,122,Ozone,25.2,70,17.4,0.0
2022-09-15,105,Ozone,25.7,69,23.6,1.0
2022-09-16,55,PM2.5,25.9,84,16.5,2.3
2022-09-17,55,PM2.5,27.3,78,15.2,2.1
2022-09-18,64,Ozone,27.3,82,16.6,0.5
2022-09-19,48,PM10,27.3,80,16.3,0.0
2022-09-20,147,Ozone,27.5,78,14.4,1.1
2022-09-21,166,Ozone,27.9,71,13.3,0.0
2022-09-22,115,Ozone,28.9,65,11.8,0.0
2022-09-23,129,Ozone,28.9,65,18.7,0.0
2022-09-24,74,Ozone,27.9,74,15.9,0.0
2022-09-25,101,Ozone,28.5,69,16.2,0.0
2022-09-26,84,Ozone,28.3,58,19.5,0.0
2022-09-27,67,Ozone,24.6,39,14.8,0.0
2022-09-28,81,PM10,24.1,41,15.2,0.0
2022-09-29,90,Ozone,22.9,42,14.5,0.0
2022-09-30,67,Ozone,21.2,45,18.4,0.0
2022-10-01,74,Ozone,21.1,49,11.2,0.0
2022-10-02,84,Ozone,21.8,49,10.0,0.0
2022-10-03,86,PM10,23.0,46,9.7,0.0
2022-10-04,79,PM10,23.6,50,11.4,0.0
2022-10-05,105,Ozone,23.4,65,16.5,0.0
2022-10-06,108,Ozone,24.4,62,10.8,0.0
2022-10-07,108,Ozone,24.6,62,10.2,0.0
2022-10-08,154,Ozone,25.2,50,16.6,0.0
2022-10-09,126,Ozone,24.1,53,17.8,0.0
2022-10-10,93,Ozone,23.4,62,20.5,0.0
2022-10-11,78,PM10,23.7,70,18.4,0.4
2022-10-12,56,PM2.5,26.0,76,19.5,0.1
2022-10-13,67,Ozone,24.7,83,22.5,25.4
2022-10-14,133,Ozone,23.5,67,18.4,0.0
2022-10-15,80,Ozone,25.0,74,19.9,0.0
2022-10-16,48,PM2.5,25.5,79,16.8,2.3
2022-10-17,54,PM2.5,20.4,79,20.7,20.9
2022-10-18,53,PM10,15.9,33,21.2,0.0
2022-10-19,78,PM10,13.2,38,14.6,0.0
2022-10-20,115,PM10,17.8,50,19.8,0.0
2022-10-21,56,PM2.5,21.9,60,24.4,0.0
2022-10-22,39,Ozone,23.3,63,29.5,0.0
2022-10-23,39,Ozone,24.9,62,30.2,0.0
2022-10-24,51,PM2.5,25.7,69,40.3,1.9
2022-10-25,44,PM10,18.4,56,31.1,22.7
2022-10-26,88,PM10,16.1,55,11.1,0.0
2022-10-27,79,PM10,17.4,63,18.0,0.0
2022-10-28,58,PM2.5,19.7,89,33.5,28.0
2022-10-29,39,PM2.5,16.6,78,22.8,0.0
2022-10-30,55,PM2.5,17.6,75,17.9,0.0
2022-10-31,80,PM10,18.1,75,12.0,0.3
2022-11-01,70,PM2.5,17.7,92,22.4,18.2
2022-11-02,67,PM2.5,19.2,90,15.3,7.4
2022-11-03,68,PM2.5,23.4,88,25.1,3.6
2022-11-04,57,PM2.5,24.2,89,32.9,37.9
2022-11-05,48,PM2.5,18.1,74,26.9,26.2
2022-11-06,53,PM2.5,22.1,88,16.4,3.5
2022-11-07,63,PM2.5,24.0,89,14.3,0.3
2022-11-08,84,PM10,23.2,83,19.8,0.0
2022-11-09,82,PM10,22.7,83,17.4,0.1
2022-11-10,81,PM10,22.2,82,17.3,0.0
2022-11-11,80,PM10,19.5,90,27.2,24.5
2022-11-12,31,Ozone,9.9,59,26.9,0.5
2022-11-13,52,PM2.5,8.7,58,15.0,0.0
2022-11-14,47,PM2.5,12.5,78,26.1,6.2
2022-11-15,28,PM2.5,9.1,72,25.7,0.0
2022-11-16,54,PM10,8.2,67,17.3,0.0
2022-11-17,87,PM10,9.2,62,12.0,0.0
2022-11-18,83,PM10,10.8,54,14.3,0.2
2022-11-19,57,PM2.5,8.9,84,23.2,31.2
2022-11-20,51,PM2.5,8.7,62,17.9,0.0
2022-11-21,52,PM2.5,8.3,78,17.0,13.9
2022-11-22,56,PM10,10.1,84,13.2,2.7
2022-11-23,64,PM2.5,13.7,73,17.3,0.0
2022-11-24,48,PM2.5,19.9,91,23.4,13.7
2022-11-25,30,PM2.5,15.9,91,24.0,31.9
2022-11-26,33,Ozone,15.8,76,29.0,44.7
2022-11-27,53,PM2.5,15.2,66,19.5,0.0
2022-11-28,80,PM2.5,14.8,80,17.1,0.1
2022-11-29,68,PM2.5,22.7,91,31.9,2.0
2022-11-30,49,PM10,14.4,63,31.7,0.0
2022-12-01,82,PM10,10.3,55,17.3,0.0
2022-12-02,58,PM2.5,19.7,88,24.3,0.8
2022-12-03,47,PM2.5,21.7,90,16.7,2.3
2022-12-04,65,PM2.5,17.8,86,11.8,0.3
2022-12-05,51,PM2.5,21.8,87,26.3,1.2
2022-12-06,47,PM2.5,23.0,85,25.5,1.0
2022-12-07,56,PM2.5,22.6,87,18.2,7.2
2022-12-08,59,PM2.5,22.5,88,14.0,1.7
2022-12-09,56,PM2.5,21.9,89,14.3,3.8
2022-12-10,54,PM2.5,21.3,90,17.9,13.7
2022-12-11,33,PM2.5,20.0,88,18.2,30.7
2022-12-12,56,PM2.5,19.1,90,26.5,1.9
2022-12-13,57,PM2.5,22.1,86,39.9,6.5
2022-12-14,37,Ozone,17.2,64,28.4,8.6
2022-12-15,63,PM10,10.6,57,12.3,0.0
2022-12-16,64,PM10,11.6,75,30.2,2.1
2022-12-17,51,PM2.5,8.6,57,20.3,0.0
2022-12-18,55,PM2.5,7.9,55,20.3,0.0
2022-12-19,37,PM2.5,9.5,77,26.7,10.4
2022-12-20,29,Ozone,10.9,86,24.3,1.4
2022-12-21,63,PM2.5,8.5,81,13.3,0.0
2022-12-22,67,PM2.5,7.5,79,36.4,0.1
2022-12-23,31,Ozone,-5.0,38,36.2,0.0
2022-12-24,66,PM2.5,-1.4,41,19.9,0.0
2022-12-25,84,PM2.5,1.6,51,10.8,0.0
2022-12-26,78,PM2.5,6.4,57,11.8,0.0
2022-12-27,68,PM10,5.8,70,14.4,0.0
2022-12-28,70,PM2.5,14.4,83,30.9,0.0
2022-12-29,52,PM2.5,20.1,87,32.1,73.9
2022-12-30,44,PM2.5,17.2,90,16.3,23.1
2022-12-31,71,PM2.5,17.2,82,14.8,0.0
2023-01-01,97,PM2.5,20.2,89,21.2,0.8
2023-01-02,53,PM2.5,22.2,93,35.3,21.8
2023-01-03,64,PM2.5,20.3,76,29.8,17.9
2023-01-04,104,PM10,15.2,53,18.6,0.0
2023-01-05,122,PM10,13.4,73,10.8,0.0
2023-01-06,95,PM10,16.6,83,22.7,0.0
2023-01-07,53,PM2.5,19.5,90,18.4,3.1
2023-01-08,52,PM2.5,16.1,79,23.1,15.0
2023-01-09,63,PM2.5,13.4,79,15.3,0.1
2023-01-10,61,PM2.5,17.7,88,18.3,0.4
2023-01-11,55,PM2.5,21.0,86,29.2,0.3
2023-01-12,48,PM10,16.2,63,29.2,0.0
2023-01-13,65,PM10,9.9,48,20.8,0.0
2023-01-14,68,PM10,9.6,70,17.9,0.0
2023-01-15,52,PM2.5,16.8,74,31.3,0.0
2023-01-16,63,PM2.5,20.5,82,29.0,1.6
2023-01-17,66,PM2.5,19.4,93,17.8,0.4
2023-01-18,60,PM2.5,20.5,87,30.2,5.1
2023-01-19,66,PM10,14.6,46,19.2,0.0
2023-01-20,47,PM10,11.3,67,20.1,2.6
2023-01-21,52,PM2.5,11.2,84,19.2,10.9
2023-01-22,50,PM2.5,9.7,74,21.1,0.0
2023-01-23,63,PM10,8.5,68,20.5,0.0
2023-01-24,39,PM2.5,12.1,84,50.6,49.4
2023-01-25,33,Ozone,7.9,67,25.0,0.0
2023-01-26,77,PM10,7.1,71,11.5,0.0
2023-01-27,86,PM2.5,8.7,67,12.4,0.0
2023-01-28,58,PM2.5,17.3,85,25.3,10.4
2023-01-29,48,PM2.5,19.2,93,20.3,38.1
2023-01-30,47,PM2.5,9.2,90,18.9,3.7
2023-01-31,31,PM2.5,5.0,90,21.3,6.6
2023-02-01,26,PM2.5,5.0,91,20.5,12.6
2023-02-02,25,PM2.5,5.2,90,23.4,7.2
2023-02-03,56,PM10,7.8,78,20.9,0.1
2023-02-04,61,PM2.5,9.0,79,15.5,0.0
2023-02-05,57,PM2.5,14.7,82,13.4,0.0
2023-02-06,53,PM2.5,17.4,80,27.9,0.0
2023-02-07,56,PM2.5,19.3,85,26.6,1.6
2023-02-08,52,PM2.5,17.5,87,31.6,6.8
2023-02-09,66,PM2.5,12.0,75,13.0,0.0
2023-02-10,70,PM10,10.5,72,29.3,0.0
2023-02-11,44,PM2.5,6.9,68,25.6,0.1
2023-02-12,67,Ozone,9.2,75,15.9,0.0
2023-02-13,79,PM10,13.3,78,17.5,0.0
2023-02-14,63,PM2.5,20.1,75,32.2,3.6
2023-02-15,64,PM2.5,20.6,92,28.4,3.1
2023-02-16,41,PM2.5,15.8,68,32.2,3.9
2023-02-17,38,Ozone,6.5,50,29.7,0.0
2023-02-18,60,PM2.5,7.4,64,18.9,0.0
2023-02-19,57,PM2.5,14.6,79,15.5,0.0
2023-02-20,58,PM2.5,20.4,87,27.9,0.8
2023-02-21,64,PM2.5,21.8,85,30.5,0.6
2023-02-22,78,PM2.5,22.5,86,33.9,3.7
2023-02-23,76,PM2.5,22.8,89,18.5,0.3
2023-02-24,65,PM2.5,22.0,90,17.3,1.4
2023-02-25,69,PM2.5,21.8,88,18.9,0.7
2023-02-26,60,PM2.5,22.1,83,27.6,2.1
2023-02-27,98,PM2.5,22.0,67,26.1,0.6
2023-02-28,76,PM2.5,21.0,86,21.7,0.4
2023-03-01,68,PM2.5,23.9,84,37.1,0.1
2023-03-02,69,PM2.5,23.7,88,35.9,3.2
2023-03-03,57,PM2.5,16.7,56,35.4,3.9
2023-03-04,93,Ozone,15.7,73,14.6,0.0
2023-03-05,100,Ozone,17.2,78,17.4,0.0
2023-03-06,77,PM2.5,21.1,86,17.0,2.1
2023-03-07,72,PM2.5,23.3,87,17.5,1.3
2023-03-08,73,PM2.5,22.9,85,16.1,1.0
2023-03-09,77,PM2.5,23.2,81,20.0,0.1
2023-03-10,66,PM2.5,22.2,84,19.7,0.8
2023-03-11,65,PM2.5,23.4,80,27.4,0.5
2023-03-12,66,PM2.5,22.5,75,30.3,0.1
2023-03-13,58,PM2.5,16.0,51,24.6,0.0
2023-03-14,80,PM2.5,14.6,53,20.7,4.9
2023-03-15,121,PM2.5,14.8,62,22.5,0.0
2023-03-16,61,PM2.5,20.9,80,35.9,17.5
2023-03-17,36,Ozone,11.8,72,31.1,36.4
2023-03-18,40,Ozone,10.2,49,23.9,0.1
2023-03-19,55,PM2.5,9.0,48,17.7,0.0
2023-03-20,58,PM2.5,9.5,62,22.9,0.0
2023-03-21,59,PM2.5,18.7,79,39.0,3.7
2023-03-22,55,PM2.5,22.3,82,28.1,0.4
2023-03-23,61,PM2.5,23.1,84,30.6,0.5
2023-03-24,62,PM2.5,23.7,86,34.2,4.8
2023-03-25,93,Ozone,21.7,58,28.5,8.6
2023-03-26,77,PM2.5,19.3,84,19.3,9.3
2023-03-27,69,PM2.5,21.7,90,19.2,4.6
2023-03-28,56,PM2.5,20.2,68,27.6,10.0
2023-03-29,59,PM2.5,16.0,66,19.2,27.2
2023-03-30,65,PM2.5,20.5,86,31.2,3.8
2023-03-31,67,PM2.5,24.1,83,32.4,1.6
2023-04-01,77,Ozone,23.4,69,14.5,0.5
2023-04-02,70,PM2.5,22.1,84,29.2,1.9
2023-04-03,71,PM2.5,24.9,82,22.5,0.3
2023-04-04,72,PM2.5,24.8,84,32.9,0.3
2023-04-05,64,PM2.5,22.0,86,29.5,45.6
2023-04-06,36,Ozone,16.7,86,28.8,7.0
2023-04-07,32,Ozone,15.4,91,24.2,40.4
2023-04-08,44,PM2.5,16.3,84,15.3,0.0
2023-04-09,42,PM2.5,19.0,80,12.4,0.3
2023-04-10,55,PM10,18.2,79,12.7,0.1
2023-04-11,64,PM10,18.8,74,14.1,0.4
2023-04-12,76,PM10,17.8,82,18.6,0.9
2023-04-13,71,Ozone,18.4,76,21.7,0.2
2023-04-14,79,PM10,21.2,79,24.8,0.3
2023-04-15,64,PM2.5,22.3,87,18.0,13.5
2023-04-16,49,Ozone,18.2,52,25.9,0.0
2023-04-17,93,Ozone,16.8,57,19.7,0.0
2023-04-18,57,PM2.5,19.4,77,26.8,1.9
2023-04-19,61,Ozone,22.9,78,26.9,0.0
2023-04-20,59,PM2.5,22.3,88,26.3,22.3
2023-04-21,74,Ozone,22.2,81,16.0,19.9
2023-04-22,67,Ozone,19.6,64,25.2,0.0
2023-04-23,46,PM2.5,16.3,77,25.5,8.4
2023-04-24,51,Ozone,17.3,67,19.9,0.1
2023-04-25,61,Ozone,19.4,80,22.7,6.0
2023-04-26,61,PM2.5,21.1,89,21.3,6.5
2023-04-27,55,PM2.5,20.6,81,21.8,18.9
2023-04-28,80,Ozone,20.6,81,24.6,7.5
2023-04-29,42,Ozone,17.4,70,35.1,5.8
2023-04-30,90,Ozone,19.5,57,15.5,0.0
2023-05-01,164,Ozone,21.3,63,16.5,0.0
2023-05-02,87,Ozone,21.6,84,14.6,0.6
2023-05-03,129,Ozone,22.5,74,18.6,0.0
2023-05-04,70,PM10,22.4,85,24.6,10.2
2023-05-05,80,PM2.5,26.0,84,18.7,0.7
2023-05-06,70,PM2.5,26.4,83,29.5,0.5
2023-05-07,66,PM2.5,25.0,89,27.2,5.3
2023-05-08,65,PM2.5,23.8,92,32.1,15.1
2023-05-09,57,PM2.5,23.0,91,22.8,16.2
2023-05-10,54,PM2.5,21.9,91,20.6,54.5
2023-05-11,66,PM2.5,23.5,90,26.7,6.5
2023-05-12,68,PM2.5,24.4,87,25.5,7.4
2023-05-13,57,PM2.5,23.6,88,27.1,10.6
2023-05-14,54,PM2.5,23.1,88,29.0,31.0
2023-05-15,58,PM2.5,22.5,91,13.6,15.1
2023-05-16,57,PM2.5,22.9,88,12.7,3.9
2023-05-17,100,Ozone,23.9,78,11.3,0.3
2023-05-18,205,Ozone,24.2,79,10.5,0.0
2023-05-19,101,Ozone,25.8,78,14.0,0.0
2023-05-20,64,Ozone,25.5,81,15.0,1.5
2023-05-21,70,PM2.5,23.0,81,13.7,0.5
2023-05-22,112,Ozone,23.8,75,10.7,0.0
2023-05-23,150,Ozone,24.3,80,11.2,0.2
2023-05-24,88,PM2.5,24.4,73,13.0,0.3
2023-05-25,68,PM2.5,24.5,73,14.3,0.0
2023-05-26,122,Ozone,25.2,65,13.8,0.0
2023-05-27,150,Ozone,24.9,68,14.3,0.6
2023-05-28,105,Ozone,24.6,71,17.1,0.1
2023-05-29,58,Ozone,24.2,79,15.8,5.7
2023-05-30,80,Ozone,24.5,80,13.7,2.5
2023-05-31,140,Ozone,24.8,79,14.5,0.8
2023-06-01,97,Ozone,25.7,72,17.5,0.1
2023-06-02,147,Ozone,26.1,72,14.0,0.6
2023-06-03,126,Ozone,26.2,72,12.2,1.7
2023-06-04,97,Ozone,24.7,71,16.7,1.8
2023-06-05,64,Ozone,23.3,86,17.4,18.3
2023-06-06,115,Ozone,24.2,81,7.3,0.5
2023-06-07,159,Ozone,24.8,81,9.3,0.1
2023-06-08,129,Ozone,24.9,83,17.0,9.2
2023-06-09,197,Ozone,26.7,76,14.8,0.2
2023-06-10,54,PM2.5,26.9,80,19.8,22.9
2023-06-11,48,Ozone,28.4,73,24.0,0.0
2023-06-12,55,PM2.5,28.5,77,20.5,0.0
2023-06-13,55,PM2.5,28.6,76,23.7,0.0
2023-06-14,75,PM2.5,29.7,71,24.5,0.0
2023-06-15,71,PM2.5,30.6,73,24.2,0.0
2023-06-16,71,PM2.5,30.5,75,22.1,0.5
2023-06-17,76,PM2.5,30.1,76,32.9,2.7
2023-06-18,57,PM2.5,30.5,74,28.2,0.0
2023-06-19,71,PM2.5,31.2,72,24.0,0.0
2023-06-20,73,PM2.5,31.4,70,23.6,0.1
2023-06-21,75,PM2.5,29.2,78,24.2,8.5
2023-06-22,105,Ozone,28.9,80,18.5,11.5
2023-06-23,69,PM2.5,28.0,84,20.4,4.5
2023-06-24,53,PM2.5,30.7,72,21.3,0.0
2023-06-25,52,PM2.5,31.2,70,24.5,0.4
2023-06-26,55,PM2.5,30.8,69,20.1,0.0
2023-06-27,67,PM2.5,31.0,69,19.2,0.0
2023-06-28,56,PM2.5,30.7,69,18.8,0.0
2023-06-29,55,PM2.5,30.7,68,19.5,0.0
2023-06-30,54,PM2.5,30.5,68,23.2,0.1
2023-07-01,55,PM2.5,30.7,69,15.5,0.0
2023-07-02,57,PM2.5,29.1,76,10.8,3.2
2023-07-03,58,Ozone,29.0,73,16.6,1.2
2023-07-04,54,PM2.5,28.9,75,18.4,1.1
2023-07-05,54,PM2.5,28.7,78,21.7,7.1
2023-07-06,56,PM2.5,27.2,82,18.2,6.5
2023-07-07,58,PM2.5,27.0,85,21.9,4.4
2023-07-08,53,PM2.5,28.0,83,14.9,2.0
2023-07-09,62,PM2.5,29.4,80,17.7,1.8
2023-07-10,74,PM2.5,29.8,78,20.6,3.0
2023-07-11,66,PM2.5,30.3,75,20.2,0.2
2023-07-12,65,PM2.5,31.0,73,24.3,0.4
2023-07-13,68,PM2.5,31.1,71,25.6,0.2
2023-07-14,71,PM2.5,31.1,69,24.2,0.0
2023-07-15,79,PM2.5,31.5,67,20.5,0.2
2023-07-16,79,PM2.5,31.1,68,19.1,0.0
2023-07-17,83,PM2.5,30.9,69,19.7,0.2
2023-07-18,71,PM2.5,31.1,68,21.4,0.0
2023-07-19,77,PM2.5,31.3,67,23.4,0.0
2023-07-20,74,PM2.5,30.8,68,20.6,0.0
2023-07-21,66,PM2.5,29.9,73,17.9,0.2
2023-07-22,57,PM2.5,31.5,64,14.8,0.4
2023-07-23,126,Ozone,29.2,75,15.5,3.4
2023-07-24,93,Ozone,29.9,72,18.5,0.4
2023-07-25,61,PM2.5,29.8,73,16.1,1.5
2023-07-26,82,PM2.5,29.8,71,18.0,1.7
2023-07-27,89,PM2.5,29.2,71,13.3,2.6
2023-07-28,84,PM2.5,29.4,68,15.0,0.0
2023-07-29,80,PM2.5,29.8,68,20.2,0.3
2023-07-30,74,Ozone,30.9,62,18.5,0.0
2023-07-31,129,Ozone,31.8,59,19.4,0.0
2023-08-01,187,Ozone,31.1,63,14.6,0.7
2023-08-02,115,Ozone,31.2,61,20.5,0.0
2023-08-03,53,PM2.5,31.2,69,19.9,0.2
2023-08-04,56,PM2.5,31.6,67,24.8,0.0
2023-08-05,58,PM2.5,32.1,63,23.4,0.0
2023-08-06,53,PM2.5,32.1,63,24.5,0.0
2023-08-07,57,PM2.5,32.0,66,24.4,0.0
2023-08-08,55,PM2.5,32.0,65,29.7,0.1
2023-08-09,57,PM2.5,32.2,65,26.8,0.2
2023-08-10,58,PM2.5,32.5,62,22.7,0.0
2023-08-11,62,PM2.5,32.4,64,24.9,0.0
2023-08-12,64,PM2.5,32.7,65,25.2,0.0
2023-08-13,61,PM2.5,32.0,66,24.1,0.2
2023-08-14,71,Ozone,32.2,65,22.3,0.0
2023-08-15,122,Ozone,33.3,57,21.9,0.0
2023-08-16,143,Ozone,31.5,41,19.6,0.0
2023-08-17,147,Ozone,31.5,59,29.0,0.0
2023-08-18,143,Ozone,31.8,62,18.4,0.0
2023-08-19,126,Ozone,31.9,63,18.4,0.2
2023-08-20,126,Ozone,33.4,56,16.9,0.0
2023-08-21,97,Ozone,32.5,57,27.9,0.1
2023-08-22,72,PM10,31.3,65,30.3,1.2
2023-08-23,80,Ozone,32.3,58,16.1,0.0
2023-08-24,143,Ozone,32.8,52,22.0,0.0
2023-08-25,129,Ozone,32.1,55,21.0,0.1
2023-08-26,126,Ozone,32.2,57,16.9,0.0
2023-08-27,108,Ozone,33.1,51,15.2,0.0
2023-08-28,143,Ozone,31.4,61,22.7,0.1
2023-08-29,74,Ozone,31.4,49,23.6,0.0
2023-08-30,100,Ozone,31.0,39,20.7,0.0
2023-08-31,129,Ozone,30.7,43,16.9,0.0
2023-09-01,154,Ozone,30.9,48,26.1,0.0
2023-09-02,140,Ozone,30.2,64,15.6,1.4
2023-09-03,80,Ozone,30.5,67,17.9,0.0
2023-09-04,51,PM2.5,29.7,69,21.7,1.4
2023-09-05,53,PM2.5,30.5,71,19.1,1.2
2023-09-06,61,Ozone,31.1,68,17.8,0.1
2023-09-07,77,Ozone,31.8,64,15.9,0.0
2023-09-08,87,Ozone,31.0,69,23.1,1.1
2023-09-09,150,Ozone,29.8,67,18.3,0.0
2023-09-10,97,Ozone,29.7,47,14.5,0.0
2023-09-11,179,Ozone,28.5,50,15.5,0.0
2023-09-12,161,Ozone,29.6,60,16.6,0.2
2023-09-13,112,Ozone,29.0,67,15.6,6.0
2023-09-14,57,PM2.5,26.2,86,9.8,32.3
2023-09-15,58,PM2.5,25.9,86,14.5,11.5
2023-09-16,84,Ozone,26.1,84,10.6,2.1
2023-09-17,97,Ozone,26.9,69,12.1,0.8
2023-09-18,179,Ozone,26.5,61,12.4,0.0
2023-09-19,159,Ozone,26.5,61,17.9,0.0
2023-09-20,84,Ozone,28.0,66,20.0,0.0
2023-09-21,54,Ozone,28.9,76,21.3,0.5
2023-09-22,49,PM2.5,28.8,77,17.4,3.2
2023-09-23,36,Ozone,29.3,73,16.9,0.7
2023-09-24,38,PM2.5,29.7,72,23.4,0.2
2023-09-25,53,PM2.5,26.4,85,16.8,26.5
2023-09-26,133,Ozone,26.9,80,14.2,0.1
2023-09-27,119,Ozone,26.2,81,10.3,8.3
2023-09-28,133,Ozone,27.1,79,13.4,2.5
2023-09-29,60,PM2.5,27.8,73,19.7,0.7
2023-09-30,48,Ozone,28.7,68,20.9,0.0
2023-10-01,74,Ozone,28.5,64,23.8,0.0
2023-10-02,71,Ozone,28.1,60,21.5,0.0
2023-10-03,52,PM2.5,25.6,83,19.5,29.1
2023-10-04,96,PM2.5,26.3,85,25.1,12.8
2023-10-05,58,PM2.5,24.0,87,21.5,35.0
2023-10-06,53,PM2.5,24.1,67,23.5,0.0
2023-10-07,51,PM2.5,21.5,59,22.1,0.0
2023-10-08,58,Ozone,18.6,51,13.7,0.0
2023-10-09,84,Ozone,20.4,58,12.7,0.0
2023-10-10,63,PM10,22.1,75,13.2,1.0
2023-10-11,49,PM2.5,20.1,87,19.9,33.4
2023-10-12,53,PM2.5,20.8,81,18.0,0.0
2023-10-13,53,PM10,24.1,86,14.0,3.6
2023-10-14,40,PM10,20.9,52,22.5,0.2
2023-10-15,30,Ozone,17.4,55,26.7,0.0
2023-10-16,48,PM2.5,15.6,56,22.5,0.0
2023-10-17,67,PM2.5,15.3,65,12.8,0.0
2023-10-18,67,NO2,19.5,69,20.6,0.0
2023-10-19,79,PM10,23.3,68,16.4,0.0
2023-10-20,101,Ozone,23.1,61,13.6,0.0
2023-10-21,64,Ozone,23.9,65,16.1,0.0
2023-10-22,36,Ozone,24.7,81,20.7,0.6
2023-10-23,48,PM2.5,25.2,80,27.2,13.0
2023-10-24,53,PM2.5,25.8,71,30.5,0.1
2023-10-25,60,PM2.5,25.2,81,28.0,2.5
2023-10-26,57,PM2.5,24.6,89,22.2,12.7
2023-10-27,53,PM2.5,25.5,89,17.4,2.6
2023-10-28,65,PM2.5,25.4,86,21.7,0.8
2023-10-29,52,PM2.5,23.5,84,26.4,5.5
2023-10-30,53,PM2.5,10.2,77,31.9,3.8
2023-10-31,62,PM2.5,10.1,59,21.9,1.6
2023-11-01,56,PM2.5,9.6,61,15.8,0.0
2023-11-02,59,PM2.5,11.1,54,11.6,0.0
2023-11-03,68,PM2.5,15.8,68,12.0,0.0
2023-11-04,58,PM2.5,19.1,82,15.0,0.0
2023-11-05,52,PM2.5,21.1,81,14.8,0.1
2023-11-06,49,PM2.5,22.4,74,16.0,0.0
2023-11-07,44,PM2.5,23.2,79,23.8,0.0
2023-11-08,41,PM2.5,23.9,74,20.8,0.0
2023-11-09,55,PM2.5,22.2,88,13.5,32.5
2023-11-10,20,PM2.5,17.2,90,23.8,25.3
2023-11-11,40,PM2.5,15.4,84,15.5,0.0
2023-11-12,55,PM2.5,16.4,88,17.1,16.8
2023-11-13,52,PM2.5,16.2,93,23.4,41.7
2023-11-14,53,PM2.5,17.2,83,19.2,1.7
2023-11-15,55,PM2.5,17.5,77,16.9,0.0
2023-11-16,52,PM2.5,17.1,81,12.2,0.0
2023-11-17,55,PM2.5,18.1,83,11.2,0.0
2023-11-18,70,PM2.5,19.1,76,15.4,0.0
2023-11-19,74,PM2.5,17.7,81,19.4,0.1
2023-11-20,53,PM2.5,21.4,88,26.2,9.4
2023-11-21,33,PM2.5,14.6,61,30.6,0.0
2023-11-22,70,PM2.5,10.6,61,17.2,0.0
2023-11-23,94,PM2.5,10.4,67,8.0,0.0
2023-11-24,63,PM2.5,12.4,73,14.0,0.0
2023-11-25,58,PM2.5,13.0,74,19.1,0.3
2023-11-26,51,PM2.5,13.0,69,29.7,2.4
2023-11-27,41,PM2.5,9.0,54,16.4,0.0
2023-11-28,66,PM2.5,10.6,56,13.3,0.0
2023-11-29,75,PM2.5,12.6,69,20.2,0.0
2023-11-30,53,PM2.5,19.3,88,39.5,7.0
2023-12-01,63,PM2.5,19.3,93,15.8,25.5
2023-12-02,71,PM2.5,17.4,86,15.2,0.6
2023-12-03,60,PM2.5,15.1,66,15.5,0.0
2023-12-04,58,PM2.5,14.6,56,16.6,0.0
2023-12-05,77,PM2.5,13.3,65,10.0,0.0
2023-12-06,75,PM2.5,12.4,64,15.3,0.0
2023-12-07,73,PM2.5,14.0,78,18.9,0.0
2023-12-08,52,PM2.5,20.6,83,29.5,1.6
2023-12-09,52,PM2.5,21.8,82,28.8,12.4
2023-12-10,57,PM2.5,10.7,43,31.0,0.0
2023-12-11,70,PM2.5,8.6,63,12.0,0.0
2023-12-12,62,PM2.5,12.0,73,18.4,0.0
2023-12-13,61,PM2.5,11.8,66,18.2,1.2
2023-12-14,66,PM2.5,14.6,62,20.0,0.0
2023-12-15,70,PM2.5,16.3,78,22.3,29.2
2023-12-16,42,PM2.5,13.9,76,23.2,0.8
2023-12-17,80,PM2.5,10.8,73,11.8,0.0
2023-12-18,80,PM2.5,12.2,70,13.3,0.0
2023-12-19,56,PM2.5,11.2,68,18.2,0.0
2023-12-20,55,PM2.5,14.9,80,21.5,0.0
2023-12-21,66,PM2.5,16.2,82,20.8,0.0
2023-12-22,66,PM2.5,17.7,89,14.3,0.5
2023-12-23,61,PM2.5,18.6,92,23.7,14.6
2023-12-24,57,PM2.5,18.4,90,19.4,58.1
2023-12-25,32,PM2.5,11.3,65,22.7,0.0
2023-12-26,48,PM2.5,9.4,71,12.0,0.0
2023-12-27,58,PM2.5,11.2,68,20.0,0.0
2023-12-28,39,PM2.5,8.0,64,21.7,0.0
2023-12-29,55,PM2.5,7.0,65,18.4,0.0
2023-12-30,80,PM2.5,8.8,65,11.6,0.0
2023-12-31,93,PM2.5,13.0,75,16.6,0.0
2024-01-01,184,PM2.5,14.7,82,17.7,2.5
2024-01-02,54,PM2.5,9.5,70,21.3,7.7
2024-01-03,54,PM2.5,10.0,82,23.6,29.7
2024-01-04,57,PM2.5,9.8,74,24.8,0.0
2024-01-05,53,PM2.5,12.5,80,30.8,55.6
2024-01-06,67,PM2.5,10.1,77,12.0,0.0
2024-01-07,59,PM2.5,10.0,75,22.1,0.0
2024-01-08,53,PM2.5,16.4,78,40.8,32.9
2024-01-09,46,PM2.5,8.6,45,36.4,1.8
2024-01-10,59,PM2.5,10.5,66,26.1,0.0
2024-01-11,55,PM2.5,17.7,86,32.1,1.5
2024-01-12,59,PM2.5,12.9,56,39.3,1.9
2024-01-13,82,NO2,9.1,65,20.2,0.0
2024-01-14,56,PM2.5,7.0,73,21.0,0.0
2024-01-15,55,PM2.5,-0.0,79,25.1,2.9
2024-01-16,34,PM2.5,-3.5,45,26.0,0.0
2024-01-17,56,PM2.5,0.7,59,18.2,0.0
2024-01-18,72,PM2.5,13.3,85,21.1,0.0
2024-01-19,54,PM2.5,8.4,64,23.9,0.0
2024-01-20,52,PM2.5,3.4,50,17.5,0.0
2024-01-21,56,PM2.5,3.8,58,25.2,1.1
2024-01-22,57,PM2.5,15.3,92,33.5,47.5
2024-01-23,55,PM2.5,18.5,93,24.2,37.4
2024-01-24,40,NO2,17.9,90,20.6,48.8
2024-01-25,51,NO2,17.1,82,19.1,36.7
2024-01-26,57,PM2.5,14.6,93,19.4,19.6
2024-01-27,29,PM2.5,13.3,82,28.6,0.3
2024-01-28,53,PM2.5,9.5,71,17.7,0.0
2024-01-29,66,PM2.5,10.3,71,11.4,0.0
2024-01-30,62,PM10,13.0,61,14.8,0.0
2024-01-31,75,PM10,13.9,72,10.7,0.0
2024-02-01,86,PM10,15.1,74,18.8,0.0
2024-02-02,65,PM2.5,16.8,87,26.3,5.7
2024-02-03,37,NO2,17.0,81,24.8,30.5
2024-02-04,54,PM2.5,14.3,57,36.1,0.1
2024-02-05,34,PM2.5,13.9,70,31.7,0.0
2024-02-06,71,PM10,13.0,69,14.5,0.0
2024-02-07,63,PM10,14.4,75,29.8,0.0
2024-02-08,52,PM2.5,19.3,79,22.5,0.6
2024-02-09,52,PM2.5,19.8,86,24.0,0.6
2024-02-10,53,PM2.5,19.9,89,25.2,8.3
2024-02-11,46,PM2.5,19.3,86,26.0,3.3
2024-02-12,34,NO2,10.1,62,32.8,0.3
2024-02-13,60,PM2.5,10.3,69,16.5,0.0
2024-02-14,59,PM2.5,12.1,73,16.8,0.0
2024-02-15,63,PM2.5,17.0,82,12.6,1.0
2024-02-16,41,PM2.5,17.6,91,23.8,7.2
2024-02-17,43,PM2.5,9.9,61,27.1,0.2
2024-02-18,63,PM2.5,6.5,59,17.7,0.0
2024-02-19,76,PM2.5,9.1,68,15.3,0.0
2024-02-20,68,PM10,15.2,83,16.3,0.0
2024-02-21,46,PM2.5,18.4,80,27.9,0.0
2024-02-22,61,PM2.5,20.0,80,27.7,0.2
2024-02-23,60,PM2.5,18.0,59,21.5,0.0
2024-02-24,64,Ozone,16.4,53,17.7,0.0
2024-02-25,56,PM2.5,17.8,72,28.3,0.0
2024-02-26,57,PM2.5,21.0,84,25.0,0.0
2024-02-27,74,PM2.5,22.7,80,30.7,0.0
2024-02-28,61,PM2.5,18.3,66,31.0,0.7
2024-02-29,49,PM2.5,11.7,53,20.3,1.4
2024-03-01,61,PM2.5,14.3,79,16.3,1.6
2024-03-02,68,PM2.5,16.6,85,14.8,0.1
2024-03-03,58,PM2.5,19.8,91,22.6,2.4
2024-03-04,58,PM2.5,20.9,92,14.6,8.3
2024-03-05,59,PM2.5,21.8,84,16.4,6.1
2024-03-06,60,PM2.5,19.2,89,16.1,0.2
2024-03-07,53,PM2.5,20.6,85,25.1,5.0
2024-03-08,63,PM2.5,22.0,85,14.4,13.2
2024-03-09,40,PM2.5,14.3,70,30.6,0.0
2024-03-10,54,PM2.5,13.4,62,11.0,0.0
2024-03-11,59,PM2.5,15.8,64,23.1,0.1
2024-03-12,60,PM10,18.1,78,19.9,0.0
2024-03-13,53,PM2.5,22.0,83,24.6,1.0
2024-03-14,66,PM2.5,23.3,86,30.2,1.1
2024-03-15,66,PM2.5,22.5,88,27.4,6.2
2024-03-16,56,PM2.5,20.5,91,19.1,2.4
2024-03-17,54,PM2.5,21.0,85,18.8,7.7
2024-03-18,39,Ozone,16.3,61,25.3,0.0
2024-03-19,44,Ozone,12.8,56,15.1,2.0
2024-03-20,56,PM2.5,15.6,73,15.9,0.0
2024-03-21,55,PM2.5,18.0,88,32.4,34.5
2024-03-22,39,Ozone,19.1,79,27.9,2.0
2024-03-23,90,Ozone,17.6,72,18.0,0.0
2024-03-24,62,PM2.5,19.2,75,35.0,0.2
2024-03-25,59,PM2.5,20.7,77,29.2,3.6
2024-03-26,46,PM2.5,15.2,61,20.9,0.1
2024-03-27,59,PM2.5,13.7,70,14.5,0.1
2024-03-28,77,Ozone,15.9,75,20.6,0.0
2024-03-29,49,Ozone,18.4,71,26.3,0.0
2024-03-30,47,PM2.5,20.4,76,21.0,0.0
2024-03-31,56,PM2.5,22.4,83,27.6,0.6
2024-04-01,70,PM2.5,24.4,81,28.3,0.0
2024-04-02,53,PM2.5,22.3,65,26.9,3.2
2024-04-03,51,NO2,17.4,52,24.7,0.0
2024-04-04,77,Ozone,18.8,57,10.9,0.0
2024-04-05,67,Ozone,20.8,59,20.2,0.0
2024-04-06,51,PM2.5,21.0,77,32.7,0.0
2024-04-07,61,PM2.5,23.3,85,16.4,4.2
2024-04-08,61,PM2.5,22.3,91,25.7,18.6
2024-04-09,66,PM2.5,23.0,86,31.6,14.7
2024-04-10,42,Ozone,20.2,78,34.2,30.0
2024-04-11,49,Ozone,19.2,50,27.2,0.0
2024-04-12,108,Ozone,18.1,63,14.3,0.0
2024-04-13,58,Ozone,19.4,76,23.7,0.0
2024-04-14,47,PM2.5,21.9,77,23.0,0.0
2024-04-15,55,PM2.5,22.6,83,26.1,0.5
2024-04-16,67,PM2.5,24.2,83,26.9,0.4
2024-04-17,66,PM2.5,24.5,83,20.0,0.3
2024-04-18,64,PM2.5,25.0,82,22.9,0.1
2024-04-19,75,PM2.5,24.5,86,15.5,4.9
2024-04-20,58,PM2.5,22.7,90,30.2,40.2
2024-04-21,37,Ozone,16.5,73,31.5,7.0
2024-04-22,58,Ozone,16.2,62,17.3,0.0
2024-04-23,59,PM10,19.2,71,19.8,0.0
2024-04-24,54,Ozone,22.4,81,18.7,0.1
2024-04-25,55,PM2.5,23.5,84,29.8,0.8
2024-04-26,63,PM2.5,24.3,82,36.5,3.8
2024-04-27,64,PM2.5,25.1,82,39.5,1.0
2024-04-28,65,PM2.5,24.1,81,33.2,49.0
2024-04-29,64,Ozone,23.2,83,24.3,9.6
2024-04-30,105,Ozone,22.8,85,18.7,0.2
2024-05-01,57,PM2.5,23.1,91,27.1,8.2
2024-05-02,53,PM2.5,23.5,92,38.5,49.6
2024-05-03,51,PM2.5,23.6,85,33.8,21.5
2024-05-04,56,PM2.5,24.3,85,27.9,2.4
2024-05-05,52,PM2.5,23.7,89,28.1,7.9
2024-05-06,58,PM2.5,25.6,85,29.0,1.3
2024-05-07,77,PM2.5,26.5,87,23.7,3.5
2024-05-08,86,PM2.5,27.2,84,25.6,0.5
2024-05-09,124,PM2.5,26.9,88,22.4,1.0
2024-05-10,66,PM2.5,26.1,75,23.9,0.0
2024-05-11,55,PM2.5,23.3,71,21.6,2.0
2024-05-12,59,PM2.5,23.6,89,24.6,44.0
2024-05-13,68,PM2.5,24.5,92,20.1,14.6
2024-05-14,84,Ozone,23.8,78,17.7,0.0
2024-05-15,182,Ozone,24.5,75,15.1,0.0
2024-05-16,62,PM2.5,23.6,87,30.4,33.5
2024-05-17,62,PM2.5,21.8,88,17.5,3.8
2024-05-18,164,Ozone,25.1,84,9.4,0.0
2024-05-19,105,Ozone,25.7,82,15.1,0.0
2024-05-20,90,Ozone,25.7,83,20.4,0.1
2024-05-21,84,PM2.5,27.6,85,25.3,1.4
2024-05-22,94,PM2.5,27.8,83,28.1,1.2
2024-05-23,74,PM2.5,27.8,82,29.9,0.3
2024-05-24,74,PM2.5,28.2,81,25.5,0.1
2024-05-25,82,PM2.5,28.4,82,23.5,0.1
2024-05-26,90,PM2.5,29.2,77,22.0,0.4
2024-05-27,129,Ozone,29.2,83,14.5,0.0
2024-05-28,72,PM2.5,26.3,87,29.7,15.9
2024-05-29,64,PM2.5,24.5,85,22.9,16.4
2024-05-30,60,PM2.5,25.3,87,25.4,22.1
2024-05-31,87,Ozone,25.0,84,23.9,44.1
2024-06-01,70,PM2.5,25.0,87,19.3,9.9
2024-06-02,66,PM2.5,26.4,86,24.9,2.6
2024-06-03,70,PM2.5,28.1,83,31.8,3.7
2024-06-04,76,PM2.5,27.6,84,32.5,7.5
2024-06-05,68,PM2.5,27.0,85,27.2,15.6
2024-06-06,143,Ozone,27.5,74,9.3,0.0
2024-06-07,201,Ozone,28.0,75,12.4,0.0
2024-06-08,64,PM2.5,27.8,79,20.1,0.0
2024-06-09,57,PM2.5,27.6,81,20.3,1.6
2024-06-10,105,Ozone,27.3,81,19.0,1.9
2024-06-11,105,Ozone,26.9,83,15.9,12.4
2024-06-12,100,Ozone,26.7,84,16.7,4.4
2024-06-13,136,Ozone,27.4,82,12.8,0.4
2024-06-14,161,Ozone,28.6,73,15.4,0.2
2024-06-15,100,Ozone,28.1,73,20.0,0.4
2024-06-16,67,Ozone,28.6,73,21.9,0.8
2024-06-17,62,PM10,27.9,74,32.7,2.6
2024-06-18,62,PM10,27.6,76,29.2,2.2
2024-06-19,53,PM2.5,25.7,87,26.5,28.7
2024-06-20,53,PM2.5,27.2,81,28.2,1.6
2024-06-21,56,PM2.5,27.3,82,20.7,1.2
2024-06-22,84,Ozone,27.7,78,20.9,0.0
2024-06-23,51,PM2.5,27.8,81,17.3,1.0
2024-06-24,44,PM2.5,28.6,81,16.5,0.5
2024-06-25,43,PM2.5,28.9,79,20.2,1.2
2024-06-26,46,PM2.5,28.8,80,15.5,0.5
2024-06-27,67,Ozone,29.0,79,13.8,1.2
2024-06-28,61,PM2.5,29.2,80,22.7,1.2
2024-06-29,59,PM2.5,29.7,77,21.0,1.7
2024-06-30,63,PM2.5,30.2,74,13.8,0.4
2024-07-01,119,Ozone,30.4,71,12.4,0.1
2024-07-02,100,Ozone,30.6,66,18.2,0.0
2024-07-03,69,PM2.5,30.1,71,19.7,0.4
2024-07-04,57,PM2.5,30.7,68,20.3,0.2
2024-07-05,68,PM2.5,30.5,67,16.6,0.0
2024-07-06,62,PM2.5,28.2,80,13.3,24.0
2024-07-07,58,PM2.5,27.0,89,26.3,9.4
2024-07-08,27,Ozone,25.8,84,75.7,82.0
2024-07-09,174,Ozone,27.3,78,8.6,0.1
2024-07-10,84,Ozone,27.4,82,16.3,0.2
2024-07-11,90,PM2.5,26.1,88,9.9,12.7
2024-07-12,73,PM2.5,26.5,87,13.0,17.5
2024-07-13,68,PM2.5,26.0,88,9.3,16.2
2024-07-14,61,PM2.5,26.0,90,10.0,6.7
2024-07-15,66,PM2.5,28.1,80,14.8,0.4
2024-07-16,64,PM2.5,27.7,81,25.2,0.0
2024-07-17,58,PM2.5,27.9,81,16.4,0.5
2024-07-18,108,Ozone,26.4,87,14.4,22.8
2024-07-19,64,Ozone,26.6,84,18.8,5.4
2024-07-20,143,Ozone,26.7,85,11.7,3.3
2024-07-21,56,PM2.5,26.5,86,25.4,12.0
2024-07-22,52,PM2.5,26.0,89,15.1,10.4
2024-07-23,48,PM2.5,25.5,90,15.2,31.0
2024-07-24,54,PM2.5,25.5,89,15.4,15.8
2024-07-25,73,PM2.5,24.3,92,18.1,84.1
2024-07-26,65,PM2.5,24.0,94,9.0,44.1
2024-07-27,58,PM2.5,24.5,91,9.7,42.5
2024-07-28,49,PM2.5,26.1,88,14.6,44.8
2024-07-29,52,PM2.5,28.5,82,16.8,1.6
2024-07-30,78,PM2.5,28.8,80,18.5,0.5
2024-07-31,98,PM2.5,29.0,81,18.0,0.1
2024-08-01,78,PM2.5,28.3,84,11.8,0.4
2024-08-02,126,Ozone,28.8,81,13.7,0.0
2024-08-03,115,Ozone,29.0,79,12.9,2.0
2024-08-04,67,Ozone,28.3,78,11.2,4.2
2024-08-05,108,Ozone,28.9,73,11.8,0.5
2024-08-06,164,Ozone,29.0,71,12.9,0.0
2024-08-07,126,Ozone,29.6,71,15.9,0.0
2024-08-08,185,Ozone,29.9,73,14.5,0.0
2024-08-09,100,Ozone,29.3,75,13.0,4.0
2024-08-10,90,Ozone,29.3,70,12.3,0.0
2024-08-11,140,Ozone,29.0,68,18.6,0.0
2024-08-12,97,Ozone,28.6,80,12.3,5.6
2024-08-13,58,Ozone,28.2,84,12.0,1.1
2024-08-14,54,PM2.5,28.8,81,15.0,0.3
2024-08-15,52,PM2.5,29.2,78,15.2,1.3
2024-08-16,58,Ozone,29.6,76,13.8,0.1
2024-08-17,115,Ozone,29.6,75,10.0,0.1
2024-08-18,133,Ozone,30.0,75,10.2,0.1
2024-08-19,154,Ozone,30.8,68,13.1,0.0
2024-08-20,143,Ozone,30.9,66,11.5,0.0
2024-08-21,200,Ozone,29.8,76,12.8,0.5
2024-08-22,185,Ozone,27.7,86,14.0,13.8
2024-08-23,84,Ozone,28.7,80,14.8,3.7
2024-08-24,93,Ozone,28.2,72,19.5,0.4
2024-08-25,84,Ozone,28.2,71,22.3,0.0
2024-08-26,64,PM2.5,26.0,86,18.7,9.0
2024-08-27,52,PM2.5,26.5,86,16.9,7.7
2024-08-28,56,PM2.5,26.9,85,21.9,5.7
2024-08-29,49,PM2.5,26.2,87,18.3,4.9
2024-08-30,35,Ozone,25.6,89,19.1,9.6
2024-08-31,37,Ozone,26.1,87,17.9,5.8
2024-09-01,37,PM2.5,25.9,90,18.7,21.1
2024-09-02,42,Ozone,26.1,89,21.5,7.3
2024-09-03,72,PM2.5,27.2,83,18.3,0.4
2024-09-04,59,PM2.5,26.1,88,21.3,27.7
2024-09-05,39,PM2.5,25.8,91,28.0,30.8
2024-09-06,28,Ozone,25.7,86,27.9,1.3
2024-09-07,57,PM2.5,25.1,68,33.4,0.0
2024-09-08,51,PM2.5,24.1,62,22.6,0.0
2024-09-09,50,PM2.5,24.3,59,17.0,0.0
2024-09-10,53,PM2.5,25.3,75,23.7,7.2
2024-09-11,29,PM2.5,25.5,87,20.8,18.6
2024-09-12,51,PM2.5,24.9,82,16.5,0.3
2024-09-13,105,Ozone,26.1,77,14.1,0.0
2024-09-14,58,Ozone,28.3,79,15.8,0.0
2024-09-15,100,Ozone,27.4,81,14.2,0.7
2024-09-16,101,Ozone,27.2,83,9.7,1.2
2024-09-17,154,Ozone,26.8,76,10.5,0.9
2024-09-18,140,Ozone,27.5,81,10.2,0.1
2024-09-19,90,Ozone,27.9,81,14.1,0.2
2024-09-20,115,Ozone,28.1,80,12.2,0.0
2024-09-21,90,Ozone,27.5,82,18.9,2.1
2024-09-22,74,Ozone,27.5,77,16.3,0.8
2024-09-23,71,Ozone,27.4,78,12.2,1.3
2024-09-24,77,Ozone,27.1,81,14.3,0.1
2024-09-25,56,PM2.5,27.4,78,15.5,1.2
2024-09-26,54,Ozone,25.4,61,18.4,0.0
2024-09-27,90,Ozone,24.3,56,14.5,0.0
2024-09-28,101,Ozone,25.2,52,11.9,0.0
2024-09-29,140,Ozone,24.5,54,13.3,0.0
2024-09-30,159,Ozone,25.5,65,13.8,0.0
2024-10-01,90,Ozone,26.6,65,13.5,0.0
2024-10-02,64,Ozone,26.4,62,16.1,0.0
2024-10-03,115,Ozone,26.1,66,15.9,0.0
2024-10-04,61,PM2.5,26.5,73,21.8,1.2
2024-10-05,51,PM2.5,26.3,76,19.1,0.0
2024-10-06,53,PM2.5,27.2,63,15.9,0.0
2024-10-07,61,PM2.5,26.8,54,18.2,0.0
2024-10-08,64,Ozone,24.9,48,20.4,0.0
2024-10-09,87,Ozone,23.1,45,12.1,0.0
2024-10-10,101,Ozone,23.5,52,9.7,0.0
2024-10-11,192,Ozone,23.6,61,11.9,0.0
2024-10-12,122,Ozone,23.8,72,17.4,0.0
2024-10-13,67,Ozone,25.7,69,20.6,0.0
2024-10-14,97,Ozone,26.9,64,19.2,0.0
2024-10-15,129,Ozone,26.1,60,10.9,0.0
2024-10-16,67,PM10,19.8,38,31.1,0.0
2024-10-17,48,Ozone,16.2,42,17.7,0.0
2024-10-18,71,PM10,19.6,59,24.2,0.0
2024-10-19,61,Ozone,21.3,66,18.2,0.0
2024-10-20,77,Ozone,21.3,63,17.4,0.0
2024-10-21,140,Ozone,20.6,69,14.4,0.0
2024-10-22,71,Ozone,21.8,79,18.4,0.0
2024-10-23,136,Ozone,22.7,80,12.7,0.0
2024-10-24,80,Ozone,22.3,82,17.8,0.0
2024-10-25,58,PM2.5,24.1,78,16.3,0.0
2024-10-26,74,Ozone,24.3,81,15.9,0.5
2024-10-27,105,Ozone,23.6,77,15.7,0.0
2024-10-28,71,PM10,24.2,78,24.0,0.4
2024-10-29,82,PM10,25.8,68,29.2,0.0
2024-10-30,56,PM2.5,24.5,85,25.1,11.2
2024-10-31,54,PM2.5,23.9,90,18.2,13.5
2024-11-01,53,PM2.5,24.1,84,16.9,0.2
2024-11-02,58,PM2.5,23.2,87,21.2,9.2
2024-11-03,52,PM2.5,24.5,88,27.3,15.2
2024-11-04,56,PM2.5,25.8,82,38.8,4.4
2024-11-05,53,PM2.5,22.8,77,26.0,25.8
2024-11-06,55,PM2.5,22.2,71,11.9,0.0
2024-11-07,62,PM2.5,25.1,87,16.2,1.7
2024-11-08,56,PM2.5,24.0,90,20.4,9.7
2024-11-09,45,PM2.5,22.5,84,18.2,18.2
2024-11-10,50,PM2.5,23.7,85,13.9,3.2
2024-11-11,63,PM2.5,21.8,80,13.0,0.0
2024-11-12,67,PM2.5,19.5,75,8.2,0.0
2024-11-13,64,PM2.5,20.2,73,17.3,0.0
2024-11-14,57,PM2.5,17.3,58,13.7,0.0
2024-11-15,76,PM2.5,15.6,68,8.5,0.0
2024-11-16,61,PM2.5,19.4,76,14.4,0.0
2024-11-17,47,PM2.5,23.3,92,19.6,38.6
2024-11-18,52,PM2.5,23.8,84,25.0,9.1
2024-11-19,58,PM2.5,18.6,74,8.3,0.0
2024-11-20,40,NO2,15.7,55,19.0,0.0
2024-11-21,66,PM2.5,12.5,56,10.9,0.0
2024-11-22,76,PM2.5,14.1,61,7.6,0.0
2024-11-23,77,Ozone,15.0,71,10.8,0.0
2024-11-24,53,PM2.5,20.3,73,20.2,0.0
2024-11-25,61,PM10,22.2,73,18.6,0.0
2024-11-26,59,PM2.5,14.0,69,16.4,0.0
2024-11-27,70,PM10,20.6,79,23.1,0.1
2024-11-28,43,PM2.5,16.6,64,18.7,0.2
2024-11-29,42,PM2.5,11.0,55,15.3,0.0
2024-11-30,59,PM2.5,10.7,62,11.9,0.0
2024-12-01,56,PM2.5,15.0,62,8.4,0.0
2024-12-02,63,PM2.5,12.9,57,10.6,0.0
2024-12-03,66,PM2.5,13.1,55,12.1,0.0
2024-12-04,58,PM2.5,17.9,83,19.4,31.6
2024-12-05,39,PM2.5,16.4,82,17.9,0.8
2024-12-06,45,PM2.5,9.6,56,15.5,0.0
2024-12-07,51,PM2.5,9.4,74,13.1,14.7
2024-12-08,54,PM2.5,14.0,96,10.2,14.9
2024-12-09,61,PM2.5,19.4,85,14.3,0.0
2024-12-10,54,PM2.5,15.2,75,21.8,0.0
2024-12-11,69,PM2.5,9.4,48,20.1,0.0
2024-12-12,87,PM2.5,11.0,55,15.1,0.0
2024-12-13,50,PM2.5,16.5,82,24.2,3.8
2024-12-14,57,PM2.5,20.9,83,16.4,2.2
2024-12-15,48,PM2.5,21.7,85,17.3,0.6
2024-12-16,58,PM2.5,21.6,85,12.6,1.1
2024-12-17,55,PM2.5,20.9,88,16.3,3.2
2024-12-18,53,PM2.5,18.4,85,17.3,1.2
2024-12-19,68,PM2.5,12.9,79,13.2,0.0
2024-12-20,73,PM2.5,13.3,69,12.8,0.0
2024-12-21,56,PM2.5,9.6,60,11.2,0.0
2024-12-22,76,PM2.5,10.4,73,11.7,0.0
2024-12-23,57,PM2.5,16.7,78,16.9,0.0
2024-12-24,62,PM2.5,18.9,86,18.0,3.3
2024-12-25,39,PM2.5,17.6,89,15.2,26.2
2024-12-26,55,PM2.5,18.4,94,16.0,44.4
2024-12-27,64,PM2.5,18.0,88,10.9,0.0
2024-12-28,55,PM2.5,19.5,92,22.4,23.3
2024-12-29,82,PM2.5,14.6,90,8.9,0.0
2024-12-30,58,PM2.5,18.0,85,17.9,0.0
2024-12-31,71,PM2.5,16.2,72,15.2,0.0
